REGION,SETTLEMENTDATE,TOTALDEMAND,RRP,PERIODTYPE
NSW1,2021/01/01 00:30:00,6846.57,38.04,TRADE
NSW1,2021/01/01 01:00:00,6610.45,38.10,TRADE
NSW1,2021/01/01 01:30:00,6268.29,32.26,TRADE
NSW1,2021/01/01 02:00:00,6043.2,32.45,TRADE
NSW1,2021/01/01 02:30:00,5826.44,27.76,TRADE
NSW1,2021/01/01 03:00:00,5718.76,26.83,TRADE
NSW1,2021/01/01 03:30:00,5672.01,25.64,TRADE
NSW1,2021/01/01 04:00:00,5611.96,26.31,TRADE
NSW1,2021/01/01 04:30:00,5652.02,29.42,TRADE
NSW1,2021/01/01 05:00:00,5658.64,31.15,TRADE
NSW1,2021/01/01 05:30:00,5698.43,29.75,TRADE
NSW1,2021/01/01 06:00:00,5729.46,25.53,TRADE
NSW1,2021/01/01 06:30:00,5743.29,19.57,TRADE
NSW1,2021/01/01 07:00:00,5802.88,6.91,TRADE
NSW1,2021/01/01 07:30:00,5879.2,20.82,TRADE
NSW1,2021/01/01 08:00:00,6027.67,12.79,TRADE
NSW1,2021/01/01 08:30:00,6136.85,20.69,TRADE
NSW1,2021/01/01 09:00:00,6221.94,26.99,TRADE
NSW1,2021/01/01 09:30:00,6272.68,31.89,TRADE
NSW1,2021/01/01 10:00:00,6309.57,30.53,TRADE
NSW1,2021/01/01 10:30:00,6320.25,27.17,TRADE
NSW1,2021/01/01 11:00:00,6389.92,27.81,TRADE
NSW1,2021/01/01 11:30:00,6413.93,27.66,TRADE
NSW1,2021/01/01 12:00:00,6480.05,31.01,TRADE
NSW1,2021/01/01 12:30:00,6498.82,33.34,TRADE
NSW1,2021/01/01 13:00:00,6454.81,32.54,TRADE
NSW1,2021/01/01 13:30:00,6472.46,30.23,TRADE
NSW1,2021/01/01 14:00:00,6454.1,32.50,TRADE
NSW1,2021/01/01 14:30:00,6432.7,31.10,TRADE
NSW1,2021/01/01 15:00:00,6473.49,32.50,TRADE
NSW1,2021/01/01 15:30:00,6543.97,32.79,TRADE
NSW1,2021/01/01 16:00:00,6766.8,37.30,TRADE
NSW1,2021/01/01 16:30:00,6901.48,36.04,TRADE
NSW1,2021/01/01 17:00:00,7129.04,39.73,TRADE
NSW1,2021/01/01 17:30:00,7198.09,34.97,TRADE
NSW1,2021/01/01 18:00:00,7209.93,36.67,TRADE
NSW1,2021/01/01 18:30:00,7180.9,38.33,TRADE
NSW1,2021/01/01 19:00:00,7139.7,38.46,TRADE
NSW1,2021/01/01 19:30:00,7204.52,38.79,TRADE
NSW1,2021/01/01 20:00:00,7191.28,39.04,TRADE
NSW1,2021/01/01 20:30:00,7069.48,38.32,TRADE
NSW1,2021/01/01 21:00:00,6956.96,36.13,TRADE
NSW1,2021/01/01 21:30:00,6975.47,37.29,TRADE
NSW1,2021/01/01 22:00:00,6944,35.90,TRADE
NSW1,2021/01/01 22:30:00,6946.88,37.02,TRADE
NSW1,2021/01/01 23:00:00,6876.3,35.92,TRADE
NSW1,2021/01/01 23:30:00,6773.9,36.81,TRADE
NSW1,2021/01/02 00:00:00,6683.78,37.12,TRADE
NSW1,2021/01/02 00:30:00,6503.73,36.04,TRADE
NSW1,2021/01/02 01:00:00,6331.09,35.29,TRADE
NSW1,2021/01/02 01:30:00,6047.75,29.70,TRADE
NSW1,2021/01/02 02:00:00,5823.83,24.62,TRADE
NSW1,2021/01/02 02:30:00,5692.4,26.28,TRADE
NSW1,2021/01/02 03:00:00,5596.09,25.40,TRADE
NSW1,2021/01/02 03:30:00,5564.77,24.92,TRADE
NSW1,2021/01/02 04:00:00,5590.97,28.55,TRADE
NSW1,2021/01/02 04:30:00,5624.38,30.77,TRADE
NSW1,2021/01/02 05:00:00,5665.22,31.14,TRADE
NSW1,2021/01/02 05:30:00,5771.04,35.61,TRADE
NSW1,2021/01/02 06:00:00,5842.75,27.30,TRADE
NSW1,2021/01/02 06:30:00,5941.01,26.74,TRADE
NSW1,2021/01/02 07:00:00,6138.31,28.03,TRADE
NSW1,2021/01/02 07:30:00,6291.59,31.14,TRADE
NSW1,2021/01/02 08:00:00,6405.82,32.67,TRADE
NSW1,2021/01/02 08:30:00,6580.84,33.75,TRADE
NSW1,2021/01/02 09:00:00,6649.54,35.03,TRADE
NSW1,2021/01/02 09:30:00,6633.79,34.53,TRADE
NSW1,2021/01/02 10:00:00,6532.3,32.23,TRADE
NSW1,2021/01/02 10:30:00,6604.48,32.46,TRADE
NSW1,2021/01/02 11:00:00,6497.37,25.21,TRADE
NSW1,2021/01/02 11:30:00,6458.64,23.87,TRADE
NSW1,2021/01/02 12:00:00,6483.52,25.85,TRADE
NSW1,2021/01/02 12:30:00,6442.91,20.94,TRADE
NSW1,2021/01/02 13:00:00,6488.69,13.56,TRADE
NSW1,2021/01/02 13:30:00,6477.32,20.98,TRADE
NSW1,2021/01/02 14:00:00,6595.2,24.17,TRADE
NSW1,2021/01/02 14:30:00,6693.18,29.59,TRADE
NSW1,2021/01/02 15:00:00,6793.34,33.85,TRADE
NSW1,2021/01/02 15:30:00,6863.36,32.31,TRADE
NSW1,2021/01/02 16:00:00,7045.92,33.24,TRADE
NSW1,2021/01/02 16:30:00,7180.58,32.02,TRADE
NSW1,2021/01/02 17:00:00,7326.35,37.29,TRADE
NSW1,2021/01/02 17:30:00,7476.32,37.32,TRADE
NSW1,2021/01/02 18:00:00,7580.57,38.46,TRADE
NSW1,2021/01/02 18:30:00,7556.35,38.59,TRADE
NSW1,2021/01/02 19:00:00,7505.99,38.17,TRADE
NSW1,2021/01/02 19:30:00,7447.38,38.28,TRADE
NSW1,2021/01/02 20:00:00,7348.5,31.82,TRADE
NSW1,2021/01/02 20:30:00,7234.87,35.94,TRADE
NSW1,2021/01/02 21:00:00,7112.89,33.17,TRADE
NSW1,2021/01/02 21:30:00,7049.11,32.85,TRADE
NSW1,2021/01/02 22:00:00,7005.6,28.21,TRADE
NSW1,2021/01/02 22:30:00,7004.8,34.45,TRADE
NSW1,2021/01/02 23:00:00,6883.13,35.40,TRADE
NSW1,2021/01/02 23:30:00,6691.83,36.42,TRADE
NSW1,2021/01/03 00:00:00,6617.58,36.97,TRADE
NSW1,2021/01/03 00:30:00,6431.4,37.36,TRADE
NSW1,2021/01/03 01:00:00,6270.56,37.23,TRADE
NSW1,2021/01/03 01:30:00,6047.7,33.85,TRADE
NSW1,2021/01/03 02:00:00,5829.74,31.70,TRADE
NSW1,2021/01/03 02:30:00,5755.25,31.96,TRADE
NSW1,2021/01/03 03:00:00,5706.31,30.83,TRADE
NSW1,2021/01/03 03:30:00,5685.03,24.95,TRADE
NSW1,2021/01/03 04:00:00,5694.49,29.55,TRADE
NSW1,2021/01/03 04:30:00,5776.14,35.85,TRADE
NSW1,2021/01/03 05:00:00,5822.4,35.98,TRADE
NSW1,2021/01/03 05:30:00,5854.24,35.63,TRADE
NSW1,2021/01/03 06:00:00,5899.58,33.71,TRADE
NSW1,2021/01/03 06:30:00,5938.98,27.77,TRADE
NSW1,2021/01/03 07:00:00,6111.92,32.83,TRADE
NSW1,2021/01/03 07:30:00,6298.19,31.12,TRADE
NSW1,2021/01/03 08:00:00,6503,33.09,TRADE
NSW1,2021/01/03 08:30:00,6699.33,36.98,TRADE
NSW1,2021/01/03 09:00:00,6852.16,36.14,TRADE
NSW1,2021/01/03 09:30:00,6914.47,36.82,TRADE
NSW1,2021/01/03 10:00:00,6799.54,32.13,TRADE
NSW1,2021/01/03 10:30:00,6691.28,16.52,TRADE
NSW1,2021/01/03 11:00:00,6749.7,17.23,TRADE
NSW1,2021/01/03 11:30:00,6738.09,21.40,TRADE
NSW1,2021/01/03 12:00:00,6590.39,14.82,TRADE
NSW1,2021/01/03 12:30:00,6470.92,5.96,TRADE
NSW1,2021/01/03 13:00:00,6358.02,6.25,TRADE
NSW1,2021/01/03 13:30:00,6249.14,-1.26,TRADE
NSW1,2021/01/03 14:00:00,6450.78,2.96,TRADE
NSW1,2021/01/03 14:30:00,6648.96,11.36,TRADE
NSW1,2021/01/03 15:00:00,6935.51,15.74,TRADE
NSW1,2021/01/03 15:30:00,7046.32,23.48,TRADE
NSW1,2021/01/03 16:00:00,7245.42,21.42,TRADE
NSW1,2021/01/03 16:30:00,7359.59,25.02,TRADE
NSW1,2021/01/03 17:00:00,7658.95,33.13,TRADE
NSW1,2021/01/03 17:30:00,7878.84,36.89,TRADE
NSW1,2021/01/03 18:00:00,8052.25,37.28,TRADE
NSW1,2021/01/03 18:30:00,8039.83,38.33,TRADE
NSW1,2021/01/03 19:00:00,7983.51,38.55,TRADE
NSW1,2021/01/03 19:30:00,7994.15,38.44,TRADE
NSW1,2021/01/03 20:00:00,7964.03,37.73,TRADE
NSW1,2021/01/03 20:30:00,7855.28,37.13,TRADE
NSW1,2021/01/03 21:00:00,7610.07,36.38,TRADE
NSW1,2021/01/03 21:30:00,7475.48,35.08,TRADE
NSW1,2021/01/03 22:00:00,7356.31,34.60,TRADE
NSW1,2021/01/03 22:30:00,7239.37,38.57,TRADE
NSW1,2021/01/03 23:00:00,7093.05,37.05,TRADE
NSW1,2021/01/03 23:30:00,6866.94,38.01,TRADE
NSW1,2021/01/04 00:00:00,6790.47,35.89,TRADE
NSW1,2021/01/04 00:30:00,6580.07,36.98,TRADE
NSW1,2021/01/04 01:00:00,6417.13,37.14,TRADE
NSW1,2021/01/04 01:30:00,6167.18,33.25,TRADE
NSW1,2021/01/04 02:00:00,5959.08,31.47,TRADE
NSW1,2021/01/04 02:30:00,5893.63,31.68,TRADE
NSW1,2021/01/04 03:00:00,5898.96,32.60,TRADE
NSW1,2021/01/04 03:30:00,5903.97,31.83,TRADE
NSW1,2021/01/04 04:00:00,5953.61,32.83,TRADE
NSW1,2021/01/04 04:30:00,6097.67,34.46,TRADE
NSW1,2021/01/04 05:00:00,6223.4,35.70,TRADE
NSW1,2021/01/04 05:30:00,6430.97,35.67,TRADE
NSW1,2021/01/04 06:00:00,6604.65,34.78,TRADE
NSW1,2021/01/04 06:30:00,6802.3,32.97,TRADE
NSW1,2021/01/04 07:00:00,7041.19,36.37,TRADE
NSW1,2021/01/04 07:30:00,7310.29,36.44,TRADE
NSW1,2021/01/04 08:00:00,7426.61,36.23,TRADE
NSW1,2021/01/04 08:30:00,7513.65,36.46,TRADE
NSW1,2021/01/04 09:00:00,7499.2,36.90,TRADE
NSW1,2021/01/04 09:30:00,7577.19,37.16,TRADE
NSW1,2021/01/04 10:00:00,7674.04,37.84,TRADE
NSW1,2021/01/04 10:30:00,7764.46,36.43,TRADE
NSW1,2021/01/04 11:00:00,7976.9,37.47,TRADE
NSW1,2021/01/04 11:30:00,8009.41,37.27,TRADE
NSW1,2021/01/04 12:00:00,8016.89,38.60,TRADE
NSW1,2021/01/04 12:30:00,8291.34,38.72,TRADE
NSW1,2021/01/04 13:00:00,8355.53,38.48,TRADE
NSW1,2021/01/04 13:30:00,8424.5,37.59,TRADE
NSW1,2021/01/04 14:00:00,8587.05,38.41,TRADE
NSW1,2021/01/04 14:30:00,8650.9,38.74,TRADE
NSW1,2021/01/04 15:00:00,8836.48,38.60,TRADE
NSW1,2021/01/04 15:30:00,8794.82,38.65,TRADE
NSW1,2021/01/04 16:00:00,8550.04,34.36,TRADE
NSW1,2021/01/04 16:30:00,8385.42,35.63,TRADE
NSW1,2021/01/04 17:00:00,8455.61,35.65,TRADE
NSW1,2021/01/04 17:30:00,8382.2,35.97,TRADE
NSW1,2021/01/04 18:00:00,8299.86,33.18,TRADE
NSW1,2021/01/04 18:30:00,8177.51,35.51,TRADE
NSW1,2021/01/04 19:00:00,8097.16,36.45,TRADE
NSW1,2021/01/04 19:30:00,8012.41,36.33,TRADE
NSW1,2021/01/04 20:00:00,7933.13,35.02,TRADE
NSW1,2021/01/04 20:30:00,7820.2,35.02,TRADE
NSW1,2021/01/04 21:00:00,7640.03,33.62,TRADE
NSW1,2021/01/04 21:30:00,7612.5,35.97,TRADE
NSW1,2021/01/04 22:00:00,7485.91,38.46,TRADE
NSW1,2021/01/04 22:30:00,7495.88,40.91,TRADE
NSW1,2021/01/04 23:00:00,7387.3,38.83,TRADE
NSW1,2021/01/04 23:30:00,7220.1,38.44,TRADE
NSW1,2021/01/05 00:00:00,7093.37,37.44,TRADE
NSW1,2021/01/05 00:30:00,6945.58,39.13,TRADE
NSW1,2021/01/05 01:00:00,6746.77,38.36,TRADE
NSW1,2021/01/05 01:30:00,6494.73,37.62,TRADE
NSW1,2021/01/05 02:00:00,6252.59,38.32,TRADE
NSW1,2021/01/05 02:30:00,6121.7,38.03,TRADE
NSW1,2021/01/05 03:00:00,6065.21,36.48,TRADE
NSW1,2021/01/05 03:30:00,6021.07,34.99,TRADE
NSW1,2021/01/05 04:00:00,6052.92,36.58,TRADE
NSW1,2021/01/05 04:30:00,6160.4,36.03,TRADE
NSW1,2021/01/05 05:00:00,6323.76,36.99,TRADE
NSW1,2021/01/05 05:30:00,6532.18,36.49,TRADE
NSW1,2021/01/05 06:00:00,6760.4,35.62,TRADE
NSW1,2021/01/05 06:30:00,6871.06,32.26,TRADE
NSW1,2021/01/05 07:00:00,6998.49,31.75,TRADE
NSW1,2021/01/05 07:30:00,7156.79,27.36,TRADE
NSW1,2021/01/05 08:00:00,7168.75,29.23,TRADE
NSW1,2021/01/05 08:30:00,7155.75,30.44,TRADE
NSW1,2021/01/05 09:00:00,7098.76,27.76,TRADE
NSW1,2021/01/05 09:30:00,7088.68,31.32,TRADE
NSW1,2021/01/05 10:00:00,7102.34,31.02,TRADE
NSW1,2021/01/05 10:30:00,7068.42,31.50,TRADE
NSW1,2021/01/05 11:00:00,7098.42,32.68,TRADE
NSW1,2021/01/05 11:30:00,7143.11,32.63,TRADE
NSW1,2021/01/05 12:00:00,7295.63,33.01,TRADE
NSW1,2021/01/05 12:30:00,7401.32,36.08,TRADE
NSW1,2021/01/05 13:00:00,7501.41,36.31,TRADE
NSW1,2021/01/05 13:30:00,7656.03,38.08,TRADE
NSW1,2021/01/05 14:00:00,7854.1,33.51,TRADE
NSW1,2021/01/05 14:30:00,8050.99,33.02,TRADE
NSW1,2021/01/05 15:00:00,8135.67,34.98,TRADE
NSW1,2021/01/05 15:30:00,8243.82,33.99,TRADE
NSW1,2021/01/05 16:00:00,8571.91,38.51,TRADE
NSW1,2021/01/05 16:30:00,8937.81,36.82,TRADE
NSW1,2021/01/05 17:00:00,9197.11,39.36,TRADE
NSW1,2021/01/05 17:30:00,9221.57,38.62,TRADE
NSW1,2021/01/05 18:00:00,9271.53,49.62,TRADE
NSW1,2021/01/05 18:30:00,9190.42,62.11,TRADE
NSW1,2021/01/05 19:00:00,9079.14,64.52,TRADE
NSW1,2021/01/05 19:30:00,8914.61,54.67,TRADE
NSW1,2021/01/05 20:00:00,8719.57,46.43,TRADE
NSW1,2021/01/05 20:30:00,8542.82,43.04,TRADE
NSW1,2021/01/05 21:00:00,8261.52,38.83,TRADE
NSW1,2021/01/05 21:30:00,8138.64,39.67,TRADE
NSW1,2021/01/05 22:00:00,7889.05,34.36,TRADE
NSW1,2021/01/05 22:30:00,7841.2,38.01,TRADE
NSW1,2021/01/05 23:00:00,7645.41,35.13,TRADE
NSW1,2021/01/05 23:30:00,7419.83,35.41,TRADE
NSW1,2021/01/06 00:00:00,7291.93,36.83,TRADE
NSW1,2021/01/06 00:30:00,7108.26,37.54,TRADE
NSW1,2021/01/06 01:00:00,6878.36,35.29,TRADE
NSW1,2021/01/06 01:30:00,6544.16,31.85,TRADE
NSW1,2021/01/06 02:00:00,6353.5,32.80,TRADE
NSW1,2021/01/06 02:30:00,6212.62,32.38,TRADE
NSW1,2021/01/06 03:00:00,6135.88,32.30,TRADE
NSW1,2021/01/06 03:30:00,6113.69,32.33,TRADE
NSW1,2021/01/06 04:00:00,6115.56,32.75,TRADE
NSW1,2021/01/06 04:30:00,6282.38,32.98,TRADE
NSW1,2021/01/06 05:00:00,6414.02,32.82,TRADE
NSW1,2021/01/06 05:30:00,6618.85,34.42,TRADE
NSW1,2021/01/06 06:00:00,6780.71,35.62,TRADE
NSW1,2021/01/06 06:30:00,6915.86,32.95,TRADE
NSW1,2021/01/06 07:00:00,7102.26,32.77,TRADE
NSW1,2021/01/06 07:30:00,7328.91,31.30,TRADE
NSW1,2021/01/06 08:00:00,7415.34,32.52,TRADE
NSW1,2021/01/06 08:30:00,7474.99,34.35,TRADE
NSW1,2021/01/06 09:00:00,7419.32,34.71,TRADE
NSW1,2021/01/06 09:30:00,7492.19,35.96,TRADE
NSW1,2021/01/06 10:00:00,7553.8,34.72,TRADE
NSW1,2021/01/06 10:30:00,7570.57,37.46,TRADE
NSW1,2021/01/06 11:00:00,7469.69,37.83,TRADE
NSW1,2021/01/06 11:30:00,7294.94,34,TRADE
NSW1,2021/01/06 12:00:00,7304.94,35.95,TRADE
NSW1,2021/01/06 12:30:00,7278.72,36.59,TRADE
NSW1,2021/01/06 13:00:00,7233.47,33.64,TRADE
NSW1,2021/01/06 13:30:00,7288.32,36.90,TRADE
NSW1,2021/01/06 14:00:00,7349.95,35.53,TRADE
NSW1,2021/01/06 14:30:00,7513.87,40.52,TRADE
NSW1,2021/01/06 15:00:00,7645,32.02,TRADE
NSW1,2021/01/06 15:30:00,7734.41,37.08,TRADE
NSW1,2021/01/06 16:00:00,7908.17,36.29,TRADE
NSW1,2021/01/06 16:30:00,7976.14,37.90,TRADE
NSW1,2021/01/06 17:00:00,8047.84,34.06,TRADE
NSW1,2021/01/06 17:30:00,8095.5,44.34,TRADE
NSW1,2021/01/06 18:00:00,8108.64,38.18,TRADE
NSW1,2021/01/06 18:30:00,7973.1,35.93,TRADE
NSW1,2021/01/06 19:00:00,7876.03,35.73,TRADE
NSW1,2021/01/06 19:30:00,7894.66,39.82,TRADE
NSW1,2021/01/06 20:00:00,7822.4,39.10,TRADE
NSW1,2021/01/06 20:30:00,7704.82,38.49,TRADE
NSW1,2021/01/06 21:00:00,7500.8,37.90,TRADE
NSW1,2021/01/06 21:30:00,7508.85,35.53,TRADE
NSW1,2021/01/06 22:00:00,7402.9,32.79,TRADE
NSW1,2021/01/06 22:30:00,7410.23,36.71,TRADE
NSW1,2021/01/06 23:00:00,7303.72,35.70,TRADE
NSW1,2021/01/06 23:30:00,7181.52,36.67,TRADE
NSW1,2021/01/07 00:00:00,7055.85,36.26,TRADE
NSW1,2021/01/07 00:30:00,6911.93,38.20,TRADE
NSW1,2021/01/07 01:00:00,6724.36,37.87,TRADE
NSW1,2021/01/07 01:30:00,6397.28,35.09,TRADE
NSW1,2021/01/07 02:00:00,6171.8,35.35,TRADE
NSW1,2021/01/07 02:30:00,6064.86,35.47,TRADE
NSW1,2021/01/07 03:00:00,5959.3,35.07,TRADE
NSW1,2021/01/07 03:30:00,5936.71,35.04,TRADE
NSW1,2021/01/07 04:00:00,6019.13,35.47,TRADE
NSW1,2021/01/07 04:30:00,6110.21,33.11,TRADE
NSW1,2021/01/07 05:00:00,6232.29,34.47,TRADE
NSW1,2021/01/07 05:30:00,6457.25,34.04,TRADE
NSW1,2021/01/07 06:00:00,6645.62,35.50,TRADE
NSW1,2021/01/07 06:30:00,6767.14,32.45,TRADE
NSW1,2021/01/07 07:00:00,6923.4,35.45,TRADE
NSW1,2021/01/07 07:30:00,7092.56,35,TRADE
NSW1,2021/01/07 08:00:00,7091.5,36.79,TRADE
NSW1,2021/01/07 08:30:00,7162.06,36.47,TRADE
NSW1,2021/01/07 09:00:00,7159.77,34.82,TRADE
NSW1,2021/01/07 09:30:00,7145.64,35.29,TRADE
NSW1,2021/01/07 10:00:00,7124.65,35.31,TRADE
NSW1,2021/01/07 10:30:00,7094.45,35.36,TRADE
NSW1,2021/01/07 11:00:00,7103.77,34.51,TRADE
NSW1,2021/01/07 11:30:00,7046.89,35.37,TRADE
NSW1,2021/01/07 12:00:00,7070.63,32.81,TRADE
NSW1,2021/01/07 12:30:00,7013.75,35.14,TRADE
NSW1,2021/01/07 13:00:00,6972.64,35.50,TRADE
NSW1,2021/01/07 13:30:00,6846.89,33.55,TRADE
NSW1,2021/01/07 14:00:00,6809.25,33.18,TRADE
NSW1,2021/01/07 14:30:00,6892.86,31.32,TRADE
NSW1,2021/01/07 15:00:00,6941.41,32.71,TRADE
NSW1,2021/01/07 15:30:00,7087.54,35.41,TRADE
NSW1,2021/01/07 16:00:00,7393.53,35.33,TRADE
NSW1,2021/01/07 16:30:00,7588.29,32.79,TRADE
NSW1,2021/01/07 17:00:00,7746.52,29.64,TRADE
NSW1,2021/01/07 17:30:00,7771.63,31.24,TRADE
NSW1,2021/01/07 18:00:00,7936.65,36.37,TRADE
NSW1,2021/01/07 18:30:00,7912.53,35.53,TRADE
NSW1,2021/01/07 19:00:00,7886.47,35.57,TRADE
NSW1,2021/01/07 19:30:00,7868.02,35.66,TRADE
NSW1,2021/01/07 20:00:00,7838.4,37.50,TRADE
NSW1,2021/01/07 20:30:00,7764.63,37.98,TRADE
NSW1,2021/01/07 21:00:00,7492.97,35.38,TRADE
NSW1,2021/01/07 21:30:00,7466.69,35.45,TRADE
NSW1,2021/01/07 22:00:00,7352.77,34.60,TRADE
NSW1,2021/01/07 22:30:00,7358.57,36.58,TRADE
NSW1,2021/01/07 23:00:00,7277.59,35.13,TRADE
NSW1,2021/01/07 23:30:00,7142.8,35.20,TRADE
NSW1,2021/01/08 00:00:00,7108.66,34.77,TRADE
NSW1,2021/01/08 00:30:00,6889.8,35.21,TRADE
NSW1,2021/01/08 01:00:00,6718.44,34.13,TRADE
NSW1,2021/01/08 01:30:00,6410.25,30.63,TRADE
NSW1,2021/01/08 02:00:00,6161.57,27.70,TRADE
NSW1,2021/01/08 02:30:00,6044.79,29.62,TRADE
NSW1,2021/01/08 03:00:00,6032.85,30.93,TRADE
NSW1,2021/01/08 03:30:00,5989.3,29.89,TRADE
NSW1,2021/01/08 04:00:00,6028.85,30.10,TRADE
NSW1,2021/01/08 04:30:00,6141.36,32.05,TRADE
NSW1,2021/01/08 05:00:00,6237.48,33.16,TRADE
NSW1,2021/01/08 05:30:00,6480.17,33.45,TRADE
NSW1,2021/01/08 06:00:00,6640.35,32.52,TRADE
NSW1,2021/01/08 06:30:00,6758.7,31.66,TRADE
NSW1,2021/01/08 07:00:00,6921.57,33.02,TRADE
NSW1,2021/01/08 07:30:00,7016.91,32.40,TRADE
NSW1,2021/01/08 08:00:00,7060.62,31.59,TRADE
NSW1,2021/01/08 08:30:00,7028.35,32,TRADE
NSW1,2021/01/08 09:00:00,7005.59,31.53,TRADE
NSW1,2021/01/08 09:30:00,6958.56,32.75,TRADE
NSW1,2021/01/08 10:00:00,6870.97,31.25,TRADE
NSW1,2021/01/08 10:30:00,6783.44,29.67,TRADE
NSW1,2021/01/08 11:00:00,6770.66,31.04,TRADE
NSW1,2021/01/08 11:30:00,6722.49,32.50,TRADE
NSW1,2021/01/08 12:00:00,6750.38,32.26,TRADE
NSW1,2021/01/08 12:30:00,6738.89,32.64,TRADE
NSW1,2021/01/08 13:00:00,6701.59,32.52,TRADE
NSW1,2021/01/08 13:30:00,6687.39,32.67,TRADE
NSW1,2021/01/08 14:00:00,6675.1,33.46,TRADE
NSW1,2021/01/08 14:30:00,6781.69,35.50,TRADE
NSW1,2021/01/08 15:00:00,6859.84,35.49,TRADE
NSW1,2021/01/08 15:30:00,6944.45,35.41,TRADE
NSW1,2021/01/08 16:00:00,7090.54,35.64,TRADE
NSW1,2021/01/08 16:30:00,7263.27,36.53,TRADE
NSW1,2021/01/08 17:00:00,7441.21,37.53,TRADE
NSW1,2021/01/08 17:30:00,7544.11,39.74,TRADE
NSW1,2021/01/08 18:00:00,7683.92,41.72,TRADE
NSW1,2021/01/08 18:30:00,7653.45,44.36,TRADE
NSW1,2021/01/08 19:00:00,7647.88,53.08,TRADE
NSW1,2021/01/08 19:30:00,7638.73,53.79,TRADE
NSW1,2021/01/08 20:00:00,7649.88,43.23,TRADE
NSW1,2021/01/08 20:30:00,7542.46,37.39,TRADE
NSW1,2021/01/08 21:00:00,7384.99,35.66,TRADE
NSW1,2021/01/08 21:30:00,7437.59,35.90,TRADE
NSW1,2021/01/08 22:00:00,7401.14,35.59,TRADE
NSW1,2021/01/08 22:30:00,7356.32,37.16,TRADE
NSW1,2021/01/08 23:00:00,7220.57,36.49,TRADE
NSW1,2021/01/08 23:30:00,7148.32,37.68,TRADE
NSW1,2021/01/09 00:00:00,7051.89,36.82,TRADE
NSW1,2021/01/09 00:30:00,6896.88,35.52,TRADE
NSW1,2021/01/09 01:00:00,6724.42,36.57,TRADE
NSW1,2021/01/09 01:30:00,6486.92,35.29,TRADE
NSW1,2021/01/09 02:00:00,6207.93,35.20,TRADE
NSW1,2021/01/09 02:30:00,6055.57,34.90,TRADE
NSW1,2021/01/09 03:00:00,5968.49,35.07,TRADE
NSW1,2021/01/09 03:30:00,5922,35.46,TRADE
NSW1,2021/01/09 04:00:00,5911.75,35.46,TRADE
NSW1,2021/01/09 04:30:00,5982.92,35.18,TRADE
NSW1,2021/01/09 05:00:00,5997.23,34.86,TRADE
NSW1,2021/01/09 05:30:00,6112.17,35.48,TRADE
NSW1,2021/01/09 06:00:00,6181.92,35.38,TRADE
NSW1,2021/01/09 06:30:00,6290.44,35.17,TRADE
NSW1,2021/01/09 07:00:00,6391.68,32.72,TRADE
NSW1,2021/01/09 07:30:00,6426.44,31.54,TRADE
NSW1,2021/01/09 08:00:00,6491.21,32.44,TRADE
NSW1,2021/01/09 08:30:00,6598.69,33.09,TRADE
NSW1,2021/01/09 09:00:00,6520.32,33.28,TRADE
NSW1,2021/01/09 09:30:00,6471.78,32.90,TRADE
NSW1,2021/01/09 10:00:00,6328.97,29.09,TRADE
NSW1,2021/01/09 10:30:00,6281.11,30.99,TRADE
NSW1,2021/01/09 11:00:00,6222.93,29.10,TRADE
NSW1,2021/01/09 11:30:00,6112.36,32.49,TRADE
NSW1,2021/01/09 12:00:00,6019.24,32.34,TRADE
NSW1,2021/01/09 12:30:00,5978.42,32.47,TRADE
NSW1,2021/01/09 13:00:00,5986.12,32.46,TRADE
NSW1,2021/01/09 13:30:00,5993.65,32.42,TRADE
NSW1,2021/01/09 14:00:00,6026.81,32.34,TRADE
NSW1,2021/01/09 14:30:00,6105.4,33.64,TRADE
NSW1,2021/01/09 15:00:00,6242.86,32.89,TRADE
NSW1,2021/01/09 15:30:00,6427.05,34.47,TRADE
NSW1,2021/01/09 16:00:00,6670.15,35.39,TRADE
NSW1,2021/01/09 16:30:00,6931.41,37.44,TRADE
NSW1,2021/01/09 17:00:00,7146.05,39.39,TRADE
NSW1,2021/01/09 17:30:00,7445.15,43.49,TRADE
NSW1,2021/01/09 18:00:00,7649.84,51.49,TRADE
NSW1,2021/01/09 18:30:00,7732.18,47.80,TRADE
NSW1,2021/01/09 19:00:00,7777.51,57.07,TRADE
NSW1,2021/01/09 19:30:00,7729.01,61.80,TRADE
NSW1,2021/01/09 20:00:00,7736.92,48.58,TRADE
NSW1,2021/01/09 20:30:00,7659.85,43.16,TRADE
NSW1,2021/01/09 21:00:00,7492.11,44.72,TRADE
NSW1,2021/01/09 21:30:00,7388.57,38.95,TRADE
NSW1,2021/01/09 22:00:00,7272.64,38.82,TRADE
NSW1,2021/01/09 22:30:00,7242.43,40.70,TRADE
NSW1,2021/01/09 23:00:00,7093.17,38.60,TRADE
NSW1,2021/01/09 23:30:00,6903.34,39.28,TRADE
NSW1,2021/01/10 00:00:00,6782.71,39.50,TRADE
NSW1,2021/01/10 00:30:00,6648.48,48.09,TRADE
NSW1,2021/01/10 01:00:00,6460.65,48.28,TRADE
NSW1,2021/01/10 01:30:00,6214.7,40.92,TRADE
NSW1,2021/01/10 02:00:00,6013.51,38.87,TRADE
NSW1,2021/01/10 02:30:00,5902.01,39.15,TRADE
NSW1,2021/01/10 03:00:00,5842.35,39.09,TRADE
NSW1,2021/01/10 03:30:00,5773.42,38.71,TRADE
NSW1,2021/01/10 04:00:00,5791.68,37.95,TRADE
NSW1,2021/01/10 04:30:00,5872.08,38.52,TRADE
NSW1,2021/01/10 05:00:00,5886.4,38.86,TRADE
NSW1,2021/01/10 05:30:00,5910.72,38.70,TRADE
NSW1,2021/01/10 06:00:00,5932.36,34.73,TRADE
NSW1,2021/01/10 06:30:00,5938.75,30.97,TRADE
NSW1,2021/01/10 07:00:00,5997.34,30.85,TRADE
NSW1,2021/01/10 07:30:00,6058.29,26.27,TRADE
NSW1,2021/01/10 08:00:00,6061.97,25.42,TRADE
NSW1,2021/01/10 08:30:00,6074.82,25.03,TRADE
NSW1,2021/01/10 09:00:00,6010.51,25.03,TRADE
NSW1,2021/01/10 09:30:00,5997.26,27.37,TRADE
NSW1,2021/01/10 10:00:00,5883.44,23.21,TRADE
NSW1,2021/01/10 10:30:00,5923.02,28.08,TRADE
NSW1,2021/01/10 11:00:00,5887.68,15.89,TRADE
NSW1,2021/01/10 11:30:00,5834.94,18.38,TRADE
NSW1,2021/01/10 12:00:00,5853,25.65,TRADE
NSW1,2021/01/10 12:30:00,5905.8,27.31,TRADE
NSW1,2021/01/10 13:00:00,5986.26,32.97,TRADE
NSW1,2021/01/10 13:30:00,6074.38,32.13,TRADE
NSW1,2021/01/10 14:00:00,6212.54,32.29,TRADE
NSW1,2021/01/10 14:30:00,6389.04,35.77,TRADE
NSW1,2021/01/10 15:00:00,6624.94,35.01,TRADE
NSW1,2021/01/10 15:30:00,6875.05,34.72,TRADE
NSW1,2021/01/10 16:00:00,7190.09,35.76,TRADE
NSW1,2021/01/10 16:30:00,7428.66,36.35,TRADE
NSW1,2021/01/10 17:00:00,7804.84,36.30,TRADE
NSW1,2021/01/10 17:30:00,8237.4,44.92,TRADE
NSW1,2021/01/10 18:00:00,8399.97,48.98,TRADE
NSW1,2021/01/10 18:30:00,8434.99,70.15,TRADE
NSW1,2021/01/10 19:00:00,8354.02,86.54,TRADE
NSW1,2021/01/10 19:30:00,8305.33,68.91,TRADE
NSW1,2021/01/10 20:00:00,8219.71,53,TRADE
NSW1,2021/01/10 20:30:00,8111.67,47.75,TRADE
NSW1,2021/01/10 21:00:00,7845.99,47.26,TRADE
NSW1,2021/01/10 21:30:00,7675.1,41.82,TRADE
NSW1,2021/01/10 22:00:00,7514.56,38.76,TRADE
NSW1,2021/01/10 22:30:00,7367.04,39.93,TRADE
NSW1,2021/01/10 23:00:00,7165.5,38.53,TRADE
NSW1,2021/01/10 23:30:00,6983.81,39.89,TRADE
NSW1,2021/01/11 00:00:00,6880.33,40.06,TRADE
NSW1,2021/01/11 00:30:00,6709.48,40.02,TRADE
NSW1,2021/01/11 01:00:00,6532.33,35.10,TRADE
NSW1,2021/01/11 01:30:00,6295.76,35.65,TRADE
NSW1,2021/01/11 02:00:00,6130.86,34.33,TRADE
NSW1,2021/01/11 02:30:00,6014.65,34.50,TRADE
NSW1,2021/01/11 03:00:00,5957.11,28.30,TRADE
NSW1,2021/01/11 03:30:00,5978.44,30.92,TRADE
NSW1,2021/01/11 04:00:00,5984.22,29.70,TRADE
NSW1,2021/01/11 04:30:00,6189.11,33.59,TRADE
NSW1,2021/01/11 05:00:00,6402.13,34.44,TRADE
NSW1,2021/01/11 05:30:00,6669.47,36.12,TRADE
NSW1,2021/01/11 06:00:00,6905.4,35.34,TRADE
NSW1,2021/01/11 06:30:00,7118.13,35.49,TRADE
NSW1,2021/01/11 07:00:00,7252.87,35.47,TRADE
NSW1,2021/01/11 07:30:00,7425.06,34,TRADE
NSW1,2021/01/11 08:00:00,7418.4,35.38,TRADE
NSW1,2021/01/11 08:30:00,7455.82,35.43,TRADE
NSW1,2021/01/11 09:00:00,7298.26,35.85,TRADE
NSW1,2021/01/11 09:30:00,7201.59,35.19,TRADE
NSW1,2021/01/11 10:00:00,7171.75,34.42,TRADE
NSW1,2021/01/11 10:30:00,7132.8,35.19,TRADE
NSW1,2021/01/11 11:00:00,7137.47,34.88,TRADE
NSW1,2021/01/11 11:30:00,7174.23,35.20,TRADE
NSW1,2021/01/11 12:00:00,7240.26,35.98,TRADE
NSW1,2021/01/11 12:30:00,7386.64,37.74,TRADE
NSW1,2021/01/11 13:00:00,7460.94,36.88,TRADE
NSW1,2021/01/11 13:30:00,7552.33,40.49,TRADE
NSW1,2021/01/11 14:00:00,7699.63,40.65,TRADE
NSW1,2021/01/11 14:30:00,7878.67,44.03,TRADE
NSW1,2021/01/11 15:00:00,8118.58,41.12,TRADE
NSW1,2021/01/11 15:30:00,8366.13,43.68,TRADE
NSW1,2021/01/11 16:00:00,8682.67,45.42,TRADE
NSW1,2021/01/11 16:30:00,8967.96,42.59,TRADE
NSW1,2021/01/11 17:00:00,9318.93,53.72,TRADE
NSW1,2021/01/11 17:30:00,9478.49,57.35,TRADE
NSW1,2021/01/11 18:00:00,9573.7,61.01,TRADE
NSW1,2021/01/11 18:30:00,9377.85,61.67,TRADE
NSW1,2021/01/11 19:00:00,9170.58,53.99,TRADE
NSW1,2021/01/11 19:30:00,8916.54,48.58,TRADE
NSW1,2021/01/11 20:00:00,8781.29,47.35,TRADE
NSW1,2021/01/11 20:30:00,8530.39,47.26,TRADE
NSW1,2021/01/11 21:00:00,8285.47,38.08,TRADE
NSW1,2021/01/11 21:30:00,8192.92,39.37,TRADE
NSW1,2021/01/11 22:00:00,7928.27,35.60,TRADE
NSW1,2021/01/11 22:30:00,7758.63,38.66,TRADE
NSW1,2021/01/11 23:00:00,7588.87,39.80,TRADE
NSW1,2021/01/11 23:30:00,7421.67,37.32,TRADE
NSW1,2021/01/12 00:00:00,7232.09,34.46,TRADE
NSW1,2021/01/12 00:30:00,7024.59,35.50,TRADE
NSW1,2021/01/12 01:00:00,6832.61,36.47,TRADE
NSW1,2021/01/12 01:30:00,6556.25,35.14,TRADE
NSW1,2021/01/12 02:00:00,6297.55,33.44,TRADE
NSW1,2021/01/12 02:30:00,6174.28,32.32,TRADE
NSW1,2021/01/12 03:00:00,6105.39,33.99,TRADE
NSW1,2021/01/12 03:30:00,6079.26,33.01,TRADE
NSW1,2021/01/12 04:00:00,6137.74,34.72,TRADE
NSW1,2021/01/12 04:30:00,6354.75,35.51,TRADE
NSW1,2021/01/12 05:00:00,6480.45,37.89,TRADE
NSW1,2021/01/12 05:30:00,6783.97,47.12,TRADE
NSW1,2021/01/12 06:00:00,6991.57,47.87,TRADE
NSW1,2021/01/12 06:30:00,7178.69,40.10,TRADE
NSW1,2021/01/12 07:00:00,7346.59,38.21,TRADE
NSW1,2021/01/12 07:30:00,7462.6,35.47,TRADE
NSW1,2021/01/12 08:00:00,7494.05,35.09,TRADE
NSW1,2021/01/12 08:30:00,7513,36.45,TRADE
NSW1,2021/01/12 09:00:00,7467.44,34.84,TRADE
NSW1,2021/01/12 09:30:00,7494.05,36.92,TRADE
NSW1,2021/01/12 10:00:00,7485.33,36.83,TRADE
NSW1,2021/01/12 10:30:00,7459.71,34.81,TRADE
NSW1,2021/01/12 11:00:00,7590.16,35.37,TRADE
NSW1,2021/01/12 11:30:00,7771.48,35.49,TRADE
NSW1,2021/01/12 12:00:00,8041.83,37.55,TRADE
NSW1,2021/01/12 12:30:00,8279.6,39.12,TRADE
NSW1,2021/01/12 13:00:00,8460.12,39.42,TRADE
NSW1,2021/01/12 13:30:00,8595.95,41.96,TRADE
NSW1,2021/01/12 14:00:00,8815.55,42.17,TRADE
NSW1,2021/01/12 14:30:00,9005.64,40.60,TRADE
NSW1,2021/01/12 15:00:00,9283.37,43.23,TRADE
NSW1,2021/01/12 15:30:00,9615.99,41.90,TRADE
NSW1,2021/01/12 16:00:00,9859.39,42.17,TRADE
NSW1,2021/01/12 16:30:00,10086.6,47.92,TRADE
NSW1,2021/01/12 17:00:00,10317.33,48.99,TRADE
NSW1,2021/01/12 17:30:00,10376.04,51.75,TRADE
NSW1,2021/01/12 18:00:00,10342.35,58.22,TRADE
NSW1,2021/01/12 18:30:00,10170.98,55.59,TRADE
NSW1,2021/01/12 19:00:00,9906.03,59.25,TRADE
NSW1,2021/01/12 19:30:00,9692.56,57.42,TRADE
NSW1,2021/01/12 20:00:00,9535.06,53.15,TRADE
NSW1,2021/01/12 20:30:00,9253.46,46.45,TRADE
NSW1,2021/01/12 21:00:00,8930.7,39.47,TRADE
NSW1,2021/01/12 21:30:00,8670.76,38.51,TRADE
NSW1,2021/01/12 22:00:00,8419.96,38.54,TRADE
NSW1,2021/01/12 22:30:00,8203.15,43.40,TRADE
NSW1,2021/01/12 23:00:00,7880.15,38.56,TRADE
NSW1,2021/01/12 23:30:00,7762.73,40.65,TRADE
NSW1,2021/01/13 00:00:00,7603.96,40.13,TRADE
NSW1,2021/01/13 00:30:00,7339.84,41.08,TRADE
NSW1,2021/01/13 01:00:00,7120.39,42.28,TRADE
NSW1,2021/01/13 01:30:00,6843.49,40.24,TRADE
NSW1,2021/01/13 02:00:00,6614.3,37.13,TRADE
NSW1,2021/01/13 02:30:00,6458.27,37.26,TRADE
NSW1,2021/01/13 03:00:00,6394.3,39.55,TRADE
NSW1,2021/01/13 03:30:00,6422.71,39.39,TRADE
NSW1,2021/01/13 04:00:00,6433.74,39.15,TRADE
NSW1,2021/01/13 04:30:00,6638.65,48.44,TRADE
NSW1,2021/01/13 05:00:00,6755.51,43.17,TRADE
NSW1,2021/01/13 05:30:00,7048.61,42.43,TRADE
NSW1,2021/01/13 06:00:00,7324.81,49.94,TRADE
NSW1,2021/01/13 06:30:00,7538.53,45.03,TRADE
NSW1,2021/01/13 07:00:00,7734.88,38.96,TRADE
NSW1,2021/01/13 07:30:00,7932.46,35.21,TRADE
NSW1,2021/01/13 08:00:00,8046.41,36.44,TRADE
NSW1,2021/01/13 08:30:00,8038.24,38.22,TRADE
NSW1,2021/01/13 09:00:00,8020.45,37.70,TRADE
NSW1,2021/01/13 09:30:00,8027.05,39.07,TRADE
NSW1,2021/01/13 10:00:00,7983.19,38.40,TRADE
NSW1,2021/01/13 10:30:00,7993.91,39.11,TRADE
NSW1,2021/01/13 11:00:00,8021.29,39.15,TRADE
NSW1,2021/01/13 11:30:00,8092.8,93.74,TRADE
NSW1,2021/01/13 12:00:00,8143.71,39.89,TRADE
NSW1,2021/01/13 12:30:00,8274.63,41.46,TRADE
NSW1,2021/01/13 13:00:00,8451.66,42.25,TRADE
NSW1,2021/01/13 13:30:00,8596.06,40.79,TRADE
NSW1,2021/01/13 14:00:00,8795.35,45.33,TRADE
NSW1,2021/01/13 14:30:00,9052.32,61.01,TRADE
NSW1,2021/01/13 15:00:00,9256.88,54.78,TRADE
NSW1,2021/01/13 15:30:00,9555.65,48.90,TRADE
NSW1,2021/01/13 16:00:00,9846.97,151.41,TRADE
NSW1,2021/01/13 16:30:00,10108.34,144.48,TRADE
NSW1,2021/01/13 17:00:00,10391.36,140.30,TRADE
NSW1,2021/01/13 17:30:00,10429.8,62.14,TRADE
NSW1,2021/01/13 18:00:00,10430.48,198.03,TRADE
NSW1,2021/01/13 18:30:00,10222.74,217.96,TRADE
NSW1,2021/01/13 19:00:00,9966.98,231.44,TRADE
NSW1,2021/01/13 19:30:00,9659.51,148.11,TRADE
NSW1,2021/01/13 20:00:00,9466.76,111.44,TRADE
NSW1,2021/01/13 20:30:00,9158.68,57.42,TRADE
NSW1,2021/01/13 21:00:00,8855.49,43.59,TRADE
NSW1,2021/01/13 21:30:00,8720.98,42.06,TRADE
NSW1,2021/01/13 22:00:00,8464.03,40.07,TRADE
NSW1,2021/01/13 22:30:00,8238.12,110.39,TRADE
NSW1,2021/01/13 23:00:00,7975.42,44.26,TRADE
NSW1,2021/01/13 23:30:00,7786.77,45.14,TRADE
NSW1,2021/01/14 00:00:00,7622.58,42.91,TRADE
NSW1,2021/01/14 00:30:00,7374.02,44.66,TRADE
NSW1,2021/01/14 01:00:00,7146.96,45.04,TRADE
NSW1,2021/01/14 01:30:00,6821.68,37.27,TRADE
NSW1,2021/01/14 02:00:00,6656.12,35.41,TRADE
NSW1,2021/01/14 02:30:00,6493.28,35.59,TRADE
NSW1,2021/01/14 03:00:00,6392.78,35.46,TRADE
NSW1,2021/01/14 03:30:00,6467.56,35.68,TRADE
NSW1,2021/01/14 04:00:00,6466.72,35.68,TRADE
NSW1,2021/01/14 04:30:00,6593.56,41.08,TRADE
NSW1,2021/01/14 05:00:00,6794.45,42.44,TRADE
NSW1,2021/01/14 05:30:00,7066.25,46.78,TRADE
NSW1,2021/01/14 06:00:00,7306.3,44.30,TRADE
NSW1,2021/01/14 06:30:00,7557.43,41.16,TRADE
NSW1,2021/01/14 07:00:00,7814.23,38.89,TRADE
NSW1,2021/01/14 07:30:00,7978.69,36.92,TRADE
NSW1,2021/01/14 08:00:00,7955.03,36.43,TRADE
NSW1,2021/01/14 08:30:00,7936.35,36.03,TRADE
NSW1,2021/01/14 09:00:00,7775.33,35.39,TRADE
NSW1,2021/01/14 09:30:00,7763.17,33.20,TRADE
NSW1,2021/01/14 10:00:00,7922.92,33.47,TRADE
NSW1,2021/01/14 10:30:00,8041.91,36.47,TRADE
NSW1,2021/01/14 11:00:00,8191.27,35.15,TRADE
NSW1,2021/01/14 11:30:00,8423.78,35.51,TRADE
NSW1,2021/01/14 12:00:00,8672.67,36.12,TRADE
NSW1,2021/01/14 12:30:00,8965.31,36.29,TRADE
NSW1,2021/01/14 13:00:00,9363.08,38.95,TRADE
NSW1,2021/01/14 13:30:00,9644.94,38.48,TRADE
NSW1,2021/01/14 14:00:00,9964.59,70.75,TRADE
NSW1,2021/01/14 14:30:00,10287.68,114.17,TRADE
NSW1,2021/01/14 15:00:00,10647.9,299.93,TRADE
NSW1,2021/01/14 15:30:00,10981.14,299.99,TRADE
NSW1,2021/01/14 16:00:00,11234.59,299.99,TRADE
NSW1,2021/01/14 16:30:00,11519.36,56.57,TRADE
NSW1,2021/01/14 17:00:00,11721.57,104.91,TRADE
NSW1,2021/01/14 17:30:00,11729.36,62.04,TRADE
NSW1,2021/01/14 18:00:00,11526.64,88.07,TRADE
NSW1,2021/01/14 18:30:00,11066.94,59.20,TRADE
NSW1,2021/01/14 19:00:00,10603.48,77.35,TRADE
NSW1,2021/01/14 19:30:00,10106.55,235.96,TRADE
NSW1,2021/01/14 20:00:00,9887.35,263.97,TRADE
NSW1,2021/01/14 20:30:00,9559.53,154.96,TRADE
NSW1,2021/01/14 21:00:00,9074.47,46.57,TRADE
NSW1,2021/01/14 21:30:00,8810.02,53.84,TRADE
NSW1,2021/01/14 22:00:00,8524,42.32,TRADE
NSW1,2021/01/14 22:30:00,8309.58,54.72,TRADE
NSW1,2021/01/14 23:00:00,8085.23,54.60,TRADE
NSW1,2021/01/14 23:30:00,7832.84,50.46,TRADE
NSW1,2021/01/15 00:00:00,7616.09,89.33,TRADE
NSW1,2021/01/15 00:30:00,7373.79,42.21,TRADE
NSW1,2021/01/15 01:00:00,7137.05,38.62,TRADE
NSW1,2021/01/15 01:30:00,6842.51,35.87,TRADE
NSW1,2021/01/15 02:00:00,6660.74,35.51,TRADE
NSW1,2021/01/15 02:30:00,6472.94,34.70,TRADE
NSW1,2021/01/15 03:00:00,6460.15,35.52,TRADE
NSW1,2021/01/15 03:30:00,6446.13,35.49,TRADE
NSW1,2021/01/15 04:00:00,6483.76,35.52,TRADE
NSW1,2021/01/15 04:30:00,6661.4,36.85,TRADE
NSW1,2021/01/15 05:00:00,6837.87,40.43,TRADE
NSW1,2021/01/15 05:30:00,7145.64,44.28,TRADE
NSW1,2021/01/15 06:00:00,7332.87,39.99,TRADE
NSW1,2021/01/15 06:30:00,7567.31,38.44,TRADE
NSW1,2021/01/15 07:00:00,7786.92,38.22,TRADE
NSW1,2021/01/15 07:30:00,7926.75,34.32,TRADE
NSW1,2021/01/15 08:00:00,7917.12,35.54,TRADE
NSW1,2021/01/15 08:30:00,7873.7,32.96,TRADE
NSW1,2021/01/15 09:00:00,7845.67,32.69,TRADE
NSW1,2021/01/15 09:30:00,7788.3,31.03,TRADE
NSW1,2021/01/15 10:00:00,7719.07,29.36,TRADE
NSW1,2021/01/15 10:30:00,7786.3,28.67,TRADE
NSW1,2021/01/15 11:00:00,7844.08,29.79,TRADE
NSW1,2021/01/15 11:30:00,7926.9,29.24,TRADE
NSW1,2021/01/15 12:00:00,8054.28,32.73,TRADE
NSW1,2021/01/15 12:30:00,8164.18,32.63,TRADE
NSW1,2021/01/15 13:00:00,8369.64,35.65,TRADE
NSW1,2021/01/15 13:30:00,8563.87,36.50,TRADE
NSW1,2021/01/15 14:00:00,8835.55,34.73,TRADE
NSW1,2021/01/15 14:30:00,9179.85,36.18,TRADE
NSW1,2021/01/15 15:00:00,9168.17,35.45,TRADE
NSW1,2021/01/15 15:30:00,9387.15,34.87,TRADE
NSW1,2021/01/15 16:00:00,9706.5,38.01,TRADE
NSW1,2021/01/15 16:30:00,9742.69,38.33,TRADE
NSW1,2021/01/15 17:00:00,9918.4,38.56,TRADE
NSW1,2021/01/15 17:30:00,9883.05,32.24,TRADE
NSW1,2021/01/15 18:00:00,9882.04,40.80,TRADE
NSW1,2021/01/15 18:30:00,9712.16,56.17,TRADE
NSW1,2021/01/15 19:00:00,9511.13,49.88,TRADE
NSW1,2021/01/15 19:30:00,9295.14,40.26,TRADE
NSW1,2021/01/15 20:00:00,9213.52,45.81,TRADE
NSW1,2021/01/15 20:30:00,8997.71,38.39,TRADE
NSW1,2021/01/15 21:00:00,8669.67,37.85,TRADE
NSW1,2021/01/15 21:30:00,8523.08,39.05,TRADE
NSW1,2021/01/15 22:00:00,8237.14,37.79,TRADE
NSW1,2021/01/15 22:30:00,7997.45,39.33,TRADE
NSW1,2021/01/15 23:00:00,7677.22,36.61,TRADE
NSW1,2021/01/15 23:30:00,7370.07,35.41,TRADE
NSW1,2021/01/16 00:00:00,7161.9,34.97,TRADE
NSW1,2021/01/16 00:30:00,6956.45,35.49,TRADE
NSW1,2021/01/16 01:00:00,6675.51,35.18,TRADE
NSW1,2021/01/16 01:30:00,6388.75,33.39,TRADE
NSW1,2021/01/16 02:00:00,6166.43,32.25,TRADE
NSW1,2021/01/16 02:30:00,6038.08,31.94,TRADE
NSW1,2021/01/16 03:00:00,5967.76,32.11,TRADE
NSW1,2021/01/16 03:30:00,5906.56,31.54,TRADE
NSW1,2021/01/16 04:00:00,5902.36,31.82,TRADE
NSW1,2021/01/16 04:30:00,6005.48,33.96,TRADE
NSW1,2021/01/16 05:00:00,6033.57,33.35,TRADE
NSW1,2021/01/16 05:30:00,6114.89,35.46,TRADE
NSW1,2021/01/16 06:00:00,6169.53,34.78,TRADE
NSW1,2021/01/16 06:30:00,6214.51,32.21,TRADE
NSW1,2021/01/16 07:00:00,6278.18,28.15,TRADE
NSW1,2021/01/16 07:30:00,6318.99,28.36,TRADE
NSW1,2021/01/16 08:00:00,6223.24,25.56,TRADE
NSW1,2021/01/16 08:30:00,6147.21,20.35,TRADE
NSW1,2021/01/16 09:00:00,5946.36,8.76,TRADE
NSW1,2021/01/16 09:30:00,5834.06,14.91,TRADE
NSW1,2021/01/16 10:00:00,5704.9,20.60,TRADE
NSW1,2021/01/16 10:30:00,5637,16.06,TRADE
NSW1,2021/01/16 11:00:00,5542.5,24.58,TRADE
NSW1,2021/01/16 11:30:00,5503.27,24.70,TRADE
NSW1,2021/01/16 12:00:00,5471.44,26.56,TRADE
NSW1,2021/01/16 12:30:00,5481.82,21.87,TRADE
NSW1,2021/01/16 13:00:00,5457.08,26.80,TRADE
NSW1,2021/01/16 13:30:00,5505.02,33.21,TRADE
NSW1,2021/01/16 14:00:00,5633.69,28.82,TRADE
NSW1,2021/01/16 14:30:00,5750.63,33.29,TRADE
NSW1,2021/01/16 15:00:00,5913.4,31.67,TRADE
NSW1,2021/01/16 15:30:00,6198.49,27.24,TRADE
NSW1,2021/01/16 16:00:00,6535.03,30.72,TRADE
NSW1,2021/01/16 16:30:00,6827.68,29.71,TRADE
NSW1,2021/01/16 17:00:00,7180.33,33.27,TRADE
NSW1,2021/01/16 17:30:00,7407.59,31.23,TRADE
NSW1,2021/01/16 18:00:00,7654.8,34.91,TRADE
NSW1,2021/01/16 18:30:00,7736.97,36.09,TRADE
NSW1,2021/01/16 19:00:00,7677.32,35.51,TRADE
NSW1,2021/01/16 19:30:00,7615.61,35.51,TRADE
NSW1,2021/01/16 20:00:00,7582.64,31.48,TRADE
NSW1,2021/01/16 20:30:00,7498.83,39.57,TRADE
NSW1,2021/01/16 21:00:00,7348.87,37.26,TRADE
NSW1,2021/01/16 21:30:00,7216.36,35.46,TRADE
NSW1,2021/01/16 22:00:00,7163.91,35.98,TRADE
NSW1,2021/01/16 22:30:00,7149.3,38.37,TRADE
NSW1,2021/01/16 23:00:00,6998.59,34.84,TRADE
NSW1,2021/01/16 23:30:00,6797.4,35.44,TRADE
NSW1,2021/01/17 00:00:00,6699.16,35.47,TRADE
NSW1,2021/01/17 00:30:00,6505.59,35.46,TRADE
NSW1,2021/01/17 01:00:00,6325.9,35.75,TRADE
NSW1,2021/01/17 01:30:00,6070.48,35.29,TRADE
NSW1,2021/01/17 02:00:00,5916.06,34.17,TRADE
NSW1,2021/01/17 02:30:00,5852.31,34.70,TRADE
NSW1,2021/01/17 03:00:00,5777.87,34.89,TRADE
NSW1,2021/01/17 03:30:00,5755.89,35.48,TRADE
NSW1,2021/01/17 04:00:00,5786.73,35.17,TRADE
NSW1,2021/01/17 04:30:00,5810.91,35.76,TRADE
NSW1,2021/01/17 05:00:00,5868.67,35.87,TRADE
NSW1,2021/01/17 05:30:00,5923.24,35.37,TRADE
NSW1,2021/01/17 06:00:00,5937.33,34.23,TRADE
NSW1,2021/01/17 06:30:00,5938.16,30.17,TRADE
NSW1,2021/01/17 07:00:00,6001.66,27.63,TRADE
NSW1,2021/01/17 07:30:00,6009.04,15.17,TRADE
NSW1,2021/01/17 08:00:00,5966.59,8.06,TRADE
NSW1,2021/01/17 08:30:00,5930.72,12.06,TRADE
NSW1,2021/01/17 09:00:00,5839.34,4.01,TRADE
NSW1,2021/01/17 09:30:00,5748.86,0.56,TRADE
NSW1,2021/01/17 10:00:00,5609.56,25.52,TRADE
NSW1,2021/01/17 10:30:00,5618.75,27.24,TRADE
NSW1,2021/01/17 11:00:00,5589.45,22.64,TRADE
NSW1,2021/01/17 11:30:00,5566.54,27.29,TRADE
NSW1,2021/01/17 12:00:00,5613.33,28.95,TRADE
NSW1,2021/01/17 12:30:00,5632.39,21.84,TRADE
NSW1,2021/01/17 13:00:00,5686.93,24.92,TRADE
NSW1,2021/01/17 13:30:00,5753.35,24.14,TRADE
NSW1,2021/01/17 14:00:00,5826.89,21.44,TRADE
NSW1,2021/01/17 14:30:00,6001.7,31.11,TRADE
NSW1,2021/01/17 15:00:00,6184.23,26.33,TRADE
NSW1,2021/01/17 15:30:00,6475.3,30.84,TRADE
NSW1,2021/01/17 16:00:00,6797.41,30.80,TRADE
NSW1,2021/01/17 16:30:00,7159.89,32.53,TRADE
NSW1,2021/01/17 17:00:00,7497.41,35.27,TRADE
NSW1,2021/01/17 17:30:00,7782.96,36.83,TRADE
NSW1,2021/01/17 18:00:00,7953.18,39.81,TRADE
NSW1,2021/01/17 18:30:00,7978.96,50.81,TRADE
NSW1,2021/01/17 19:00:00,7913.51,61.41,TRADE
NSW1,2021/01/17 19:30:00,7831.96,53.34,TRADE
NSW1,2021/01/17 20:00:00,7848.25,56.96,TRADE
NSW1,2021/01/17 20:30:00,7784.44,55.31,TRADE
NSW1,2021/01/17 21:00:00,7545.21,46.34,TRADE
NSW1,2021/01/17 21:30:00,7451.49,42.28,TRADE
NSW1,2021/01/17 22:00:00,7330.31,37.54,TRADE
NSW1,2021/01/17 22:30:00,7273.28,44.95,TRADE
NSW1,2021/01/17 23:00:00,7127.03,37.55,TRADE
NSW1,2021/01/17 23:30:00,6925.67,38.14,TRADE
NSW1,2021/01/18 00:00:00,6860.82,39.46,TRADE
NSW1,2021/01/18 00:30:00,6717.02,40.31,TRADE
NSW1,2021/01/18 01:00:00,6555.88,42.96,TRADE
NSW1,2021/01/18 01:30:00,6290.72,37.99,TRADE
NSW1,2021/01/18 02:00:00,6124.47,40.57,TRADE
NSW1,2021/01/18 02:30:00,6080.32,36.82,TRADE
NSW1,2021/01/18 03:00:00,6048.96,36.04,TRADE
NSW1,2021/01/18 03:30:00,6099.28,36.09,TRADE
NSW1,2021/01/18 04:00:00,6127.79,35.39,TRADE
NSW1,2021/01/18 04:30:00,6344.61,35.77,TRADE
NSW1,2021/01/18 05:00:00,6489.49,38.36,TRADE
NSW1,2021/01/18 05:30:00,6802.9,40.20,TRADE
NSW1,2021/01/18 06:00:00,7032.09,36.97,TRADE
NSW1,2021/01/18 06:30:00,7264.85,35.51,TRADE
NSW1,2021/01/18 07:00:00,7453.93,36.35,TRADE
NSW1,2021/01/18 07:30:00,7607.18,32.93,TRADE
NSW1,2021/01/18 08:00:00,7616.6,37.45,TRADE
NSW1,2021/01/18 08:30:00,7608.38,37.85,TRADE
NSW1,2021/01/18 09:00:00,7521.22,35.47,TRADE
NSW1,2021/01/18 09:30:00,7501.53,38.76,TRADE
NSW1,2021/01/18 10:00:00,7405.36,40.34,TRADE
NSW1,2021/01/18 10:30:00,7396.76,36.42,TRADE
NSW1,2021/01/18 11:00:00,7379.22,35.38,TRADE
NSW1,2021/01/18 11:30:00,7468.94,35.48,TRADE
NSW1,2021/01/18 12:00:00,7575.26,36.84,TRADE
NSW1,2021/01/18 12:30:00,7701.52,37.23,TRADE
NSW1,2021/01/18 13:00:00,7887.74,39.19,TRADE
NSW1,2021/01/18 13:30:00,8049.8,37.73,TRADE
NSW1,2021/01/18 14:00:00,8305.54,36.73,TRADE
NSW1,2021/01/18 14:30:00,8603.44,39.59,TRADE
NSW1,2021/01/18 15:00:00,8843.06,44.66,TRADE
NSW1,2021/01/18 15:30:00,9114.54,37.01,TRADE
NSW1,2021/01/18 16:00:00,9403.28,37.66,TRADE
NSW1,2021/01/18 16:30:00,9702.27,43.25,TRADE
NSW1,2021/01/18 17:00:00,10015.89,48.45,TRADE
NSW1,2021/01/18 17:30:00,10075.24,41.94,TRADE
NSW1,2021/01/18 18:00:00,10040.19,42.70,TRADE
NSW1,2021/01/18 18:30:00,9812.43,39.55,TRADE
NSW1,2021/01/18 19:00:00,9570.39,41.96,TRADE
NSW1,2021/01/18 19:30:00,9260.32,45.02,TRADE
NSW1,2021/01/18 20:00:00,9144.33,55.84,TRADE
NSW1,2021/01/18 20:30:00,8948.39,45.04,TRADE
NSW1,2021/01/18 21:00:00,8655.97,45.22,TRADE
NSW1,2021/01/18 21:30:00,8445.77,43.04,TRADE
NSW1,2021/01/18 22:00:00,8204.08,38.38,TRADE
NSW1,2021/01/18 22:30:00,8025.59,38.55,TRADE
NSW1,2021/01/18 23:00:00,7804.94,36.36,TRADE
NSW1,2021/01/18 23:30:00,7593.58,35.62,TRADE
NSW1,2021/01/19 00:00:00,7435.84,38.38,TRADE
NSW1,2021/01/19 00:30:00,7244.16,39.95,TRADE
NSW1,2021/01/19 01:00:00,7016.05,38.42,TRADE
NSW1,2021/01/19 01:30:00,6719.06,35.30,TRADE
NSW1,2021/01/19 02:00:00,6507.98,34.51,TRADE
NSW1,2021/01/19 02:30:00,6385.24,34.60,TRADE
NSW1,2021/01/19 03:00:00,6325.06,35.04,TRADE
NSW1,2021/01/19 03:30:00,6305.91,33.81,TRADE
NSW1,2021/01/19 04:00:00,6333.79,33.99,TRADE
NSW1,2021/01/19 04:30:00,6580.39,38.96,TRADE
NSW1,2021/01/19 05:00:00,6689.14,35.82,TRADE
NSW1,2021/01/19 05:30:00,7029.21,36.07,TRADE
NSW1,2021/01/19 06:00:00,7261.47,37.25,TRADE
NSW1,2021/01/19 06:30:00,7536.15,36.67,TRADE
NSW1,2021/01/19 07:00:00,7752.75,37.32,TRADE
NSW1,2021/01/19 07:30:00,7958.55,38.60,TRADE
NSW1,2021/01/19 08:00:00,7914.26,37.33,TRADE
NSW1,2021/01/19 08:30:00,7918.3,36.10,TRADE
NSW1,2021/01/19 09:00:00,7883.28,35.53,TRADE
NSW1,2021/01/19 09:30:00,7762.68,36.74,TRADE
NSW1,2021/01/19 10:00:00,7513.57,35.95,TRADE
NSW1,2021/01/19 10:30:00,7423.14,34.32,TRADE
NSW1,2021/01/19 11:00:00,7404.1,34.88,TRADE
NSW1,2021/01/19 11:30:00,7417.45,33.84,TRADE
NSW1,2021/01/19 12:00:00,7607.44,35.49,TRADE
NSW1,2021/01/19 12:30:00,7656.76,35.02,TRADE
NSW1,2021/01/19 13:00:00,7710.44,33.09,TRADE
NSW1,2021/01/19 13:30:00,7701.9,36.42,TRADE
NSW1,2021/01/19 14:00:00,7659.43,35.42,TRADE
NSW1,2021/01/19 14:30:00,7545.66,35.21,TRADE
NSW1,2021/01/19 15:00:00,7612.08,36.73,TRADE
NSW1,2021/01/19 15:30:00,7808.75,35.50,TRADE
NSW1,2021/01/19 16:00:00,7957.18,36.62,TRADE
NSW1,2021/01/19 16:30:00,8176.17,35.84,TRADE
NSW1,2021/01/19 17:00:00,8334.22,35.48,TRADE
NSW1,2021/01/19 17:30:00,8414.59,35.49,TRADE
NSW1,2021/01/19 18:00:00,8450.77,35.51,TRADE
NSW1,2021/01/19 18:30:00,8354.04,35.74,TRADE
NSW1,2021/01/19 19:00:00,8230.44,36.12,TRADE
NSW1,2021/01/19 19:30:00,8104.86,36.32,TRADE
NSW1,2021/01/19 20:00:00,8104.21,38.66,TRADE
NSW1,2021/01/19 20:30:00,7913.8,39.55,TRADE
NSW1,2021/01/19 21:00:00,7691.9,38.09,TRADE
NSW1,2021/01/19 21:30:00,7645.83,35.59,TRADE
NSW1,2021/01/19 22:00:00,7526.01,36.04,TRADE
NSW1,2021/01/19 22:30:00,7433.64,36.04,TRADE
NSW1,2021/01/19 23:00:00,7322.71,35.55,TRADE
NSW1,2021/01/19 23:30:00,7210.05,36.19,TRADE
NSW1,2021/01/20 00:00:00,7096.24,35.34,TRADE
NSW1,2021/01/20 00:30:00,6858.62,35.27,TRADE
NSW1,2021/01/20 01:00:00,6676.43,34.64,TRADE
NSW1,2021/01/20 01:30:00,6380.13,30.17,TRADE
NSW1,2021/01/20 02:00:00,6177.01,26.22,TRADE
NSW1,2021/01/20 02:30:00,6086.2,25.69,TRADE
NSW1,2021/01/20 03:00:00,6026.99,24.80,TRADE
NSW1,2021/01/20 03:30:00,6044.65,24.87,TRADE
NSW1,2021/01/20 04:00:00,6094.28,24.87,TRADE
NSW1,2021/01/20 04:30:00,6266.34,32.09,TRADE
NSW1,2021/01/20 05:00:00,6457.83,35.48,TRADE
NSW1,2021/01/20 05:30:00,6831.54,35.50,TRADE
NSW1,2021/01/20 06:00:00,7084.06,35.51,TRADE
NSW1,2021/01/20 06:30:00,7323.25,37.17,TRADE
NSW1,2021/01/20 07:00:00,7501.01,35.60,TRADE
NSW1,2021/01/20 07:30:00,7675.79,35.28,TRADE
NSW1,2021/01/20 08:00:00,7719.24,35.55,TRADE
NSW1,2021/01/20 08:30:00,7656.47,35.64,TRADE
NSW1,2021/01/20 09:00:00,7556.23,35.90,TRADE
NSW1,2021/01/20 09:30:00,7542.92,36.99,TRADE
NSW1,2021/01/20 10:00:00,7510.83,35.72,TRADE
NSW1,2021/01/20 10:30:00,7517.19,33.51,TRADE
NSW1,2021/01/20 11:00:00,7471.79,32.05,TRADE
NSW1,2021/01/20 11:30:00,7456.81,37.04,TRADE
NSW1,2021/01/20 12:00:00,7390.21,33.60,TRADE
NSW1,2021/01/20 12:30:00,7276.64,33.28,TRADE
NSW1,2021/01/20 13:00:00,7246.82,34.06,TRADE
NSW1,2021/01/20 13:30:00,7197.39,36.43,TRADE
NSW1,2021/01/20 14:00:00,7171.16,35.95,TRADE
NSW1,2021/01/20 14:30:00,7213.37,36.36,TRADE
NSW1,2021/01/20 15:00:00,7323.09,36.10,TRADE
NSW1,2021/01/20 15:30:00,7498.03,35.34,TRADE
NSW1,2021/01/20 16:00:00,7662.1,35.83,TRADE
NSW1,2021/01/20 16:30:00,7784.3,35.56,TRADE
NSW1,2021/01/20 17:00:00,7974.43,36.05,TRADE
NSW1,2021/01/20 17:30:00,8042.99,34.98,TRADE
NSW1,2021/01/20 18:00:00,8139.66,35.54,TRADE
NSW1,2021/01/20 18:30:00,8092.98,36.24,TRADE
NSW1,2021/01/20 19:00:00,8034.72,37.44,TRADE
NSW1,2021/01/20 19:30:00,7972.66,37.53,TRADE
NSW1,2021/01/20 20:00:00,7997.14,38.04,TRADE
NSW1,2021/01/20 20:30:00,7861.04,38.82,TRADE
NSW1,2021/01/20 21:00:00,7682.3,36.25,TRADE
NSW1,2021/01/20 21:30:00,7649.12,35.51,TRADE
NSW1,2021/01/20 22:00:00,7500.51,35.02,TRADE
NSW1,2021/01/20 22:30:00,7481.91,39.64,TRADE
NSW1,2021/01/20 23:00:00,7402.03,36.89,TRADE
NSW1,2021/01/20 23:30:00,7234.81,36.65,TRADE
NSW1,2021/01/21 00:00:00,7115.07,34.97,TRADE
NSW1,2021/01/21 00:30:00,6952.32,35.32,TRADE
NSW1,2021/01/21 01:00:00,6704.63,34.18,TRADE
NSW1,2021/01/21 01:30:00,6451.1,32.41,TRADE
NSW1,2021/01/21 02:00:00,6253.45,31.69,TRADE
NSW1,2021/01/21 02:30:00,6152.19,30.45,TRADE
NSW1,2021/01/21 03:00:00,6104.21,28.05,TRADE
NSW1,2021/01/21 03:30:00,6122.5,28.43,TRADE
NSW1,2021/01/21 04:00:00,6162.49,28.09,TRADE
NSW1,2021/01/21 04:30:00,6358,33.90,TRADE
NSW1,2021/01/21 05:00:00,6532.2,36.79,TRADE
NSW1,2021/01/21 05:30:00,6840.77,41.96,TRADE
NSW1,2021/01/21 06:00:00,7093.42,40.14,TRADE
NSW1,2021/01/21 06:30:00,7149.12,37.08,TRADE
NSW1,2021/01/21 07:00:00,7322.4,35,TRADE
NSW1,2021/01/21 07:30:00,7374.26,32.52,TRADE
NSW1,2021/01/21 08:00:00,7244.52,32.27,TRADE
NSW1,2021/01/21 08:30:00,7152.5,32.68,TRADE
NSW1,2021/01/21 09:00:00,7006.36,30.48,TRADE
NSW1,2021/01/21 09:30:00,6981.31,31.05,TRADE
NSW1,2021/01/21 10:00:00,6952.95,31.91,TRADE
NSW1,2021/01/21 10:30:00,6899.43,33.11,TRADE
NSW1,2021/01/21 11:00:00,6873.37,30.23,TRADE
NSW1,2021/01/21 11:30:00,6823.46,31.10,TRADE
NSW1,2021/01/21 12:00:00,6884.65,32.80,TRADE
NSW1,2021/01/21 12:30:00,6923.73,32.27,TRADE
NSW1,2021/01/21 13:00:00,7033.3,32.92,TRADE
NSW1,2021/01/21 13:30:00,7171.91,35.54,TRADE
NSW1,2021/01/21 14:00:00,7278.78,35.62,TRADE
NSW1,2021/01/21 14:30:00,7451.27,39.90,TRADE
NSW1,2021/01/21 15:00:00,7709.08,41.24,TRADE
NSW1,2021/01/21 15:30:00,7886.58,36.25,TRADE
NSW1,2021/01/21 16:00:00,8130.3,35.85,TRADE
NSW1,2021/01/21 16:30:00,8417.53,40.44,TRADE
NSW1,2021/01/21 17:00:00,8802.16,44.79,TRADE
NSW1,2021/01/21 17:30:00,9016.55,42.37,TRADE
NSW1,2021/01/21 18:00:00,9107.78,48.56,TRADE
NSW1,2021/01/21 18:30:00,9042.63,55.73,TRADE
NSW1,2021/01/21 19:00:00,8910.31,62.47,TRADE
NSW1,2021/01/21 19:30:00,8817.02,55.50,TRADE
NSW1,2021/01/21 20:00:00,8747.36,45.05,TRADE
NSW1,2021/01/21 20:30:00,8511.28,39.74,TRADE
NSW1,2021/01/21 21:00:00,8195.05,37.97,TRADE
NSW1,2021/01/21 21:30:00,8094.65,38.48,TRADE
NSW1,2021/01/21 22:00:00,7931.38,36.54,TRADE
NSW1,2021/01/21 22:30:00,7898.29,44.73,TRADE
NSW1,2021/01/21 23:00:00,7699.82,38.13,TRADE
NSW1,2021/01/21 23:30:00,7480.66,36.67,TRADE
NSW1,2021/01/22 00:00:00,7393.99,38.76,TRADE
NSW1,2021/01/22 00:30:00,7194.56,39.85,TRADE
NSW1,2021/01/22 01:00:00,6972.41,39.09,TRADE
NSW1,2021/01/22 01:30:00,6654.84,38.61,TRADE
NSW1,2021/01/22 02:00:00,6417.13,37.70,TRADE
NSW1,2021/01/22 02:30:00,6279.3,36.23,TRADE
NSW1,2021/01/22 03:00:00,6211,35.82,TRADE
NSW1,2021/01/22 03:30:00,6257.99,36.87,TRADE
NSW1,2021/01/22 04:00:00,6287.79,33.41,TRADE
NSW1,2021/01/22 04:30:00,6432.56,36.76,TRADE
NSW1,2021/01/22 05:00:00,6617.42,40.70,TRADE
NSW1,2021/01/22 05:30:00,6983.28,41.90,TRADE
NSW1,2021/01/22 06:00:00,7193.38,41.35,TRADE
NSW1,2021/01/22 06:30:00,7378.15,38.16,TRADE
NSW1,2021/01/22 07:00:00,7498.48,34.88,TRADE
NSW1,2021/01/22 07:30:00,7595.41,33.34,TRADE
NSW1,2021/01/22 08:00:00,7620.07,32.88,TRADE
NSW1,2021/01/22 08:30:00,7653.24,33.53,TRADE
NSW1,2021/01/22 09:00:00,7593.76,32.47,TRADE
NSW1,2021/01/22 09:30:00,7511.24,29.71,TRADE
NSW1,2021/01/22 10:00:00,7576.47,27.82,TRADE
NSW1,2021/01/22 10:30:00,7638.92,28.32,TRADE
NSW1,2021/01/22 11:00:00,7769.86,29.29,TRADE
NSW1,2021/01/22 11:30:00,7967.66,27.54,TRADE
NSW1,2021/01/22 12:00:00,8141.77,31.86,TRADE
NSW1,2021/01/22 12:30:00,8436.33,35.06,TRADE
NSW1,2021/01/22 13:00:00,8754.98,35.50,TRADE
NSW1,2021/01/22 13:30:00,9087.89,35.53,TRADE
NSW1,2021/01/22 14:00:00,9435.59,37.40,TRADE
NSW1,2021/01/22 14:30:00,9804.61,41.73,TRADE
NSW1,2021/01/22 15:00:00,10197.53,41.73,TRADE
NSW1,2021/01/22 15:30:00,10488.91,42.94,TRADE
NSW1,2021/01/22 16:00:00,10555.14,39.96,TRADE
NSW1,2021/01/22 16:30:00,10734.16,46.10,TRADE
NSW1,2021/01/22 17:00:00,10926.06,59.49,TRADE
NSW1,2021/01/22 17:30:00,10934.61,47.32,TRADE
NSW1,2021/01/22 18:00:00,10914.66,60.23,TRADE
NSW1,2021/01/22 18:30:00,10686.25,71.40,TRADE
NSW1,2021/01/22 19:00:00,10483.42,139.03,TRADE
NSW1,2021/01/22 19:30:00,10209.63,67.79,TRADE
NSW1,2021/01/22 20:00:00,10019.15,62.50,TRADE
NSW1,2021/01/22 20:30:00,9762.84,58.91,TRADE
NSW1,2021/01/22 21:00:00,9433.23,44.68,TRADE
NSW1,2021/01/22 21:30:00,9189.69,41.71,TRADE
NSW1,2021/01/22 22:00:00,8851.64,38.30,TRADE
NSW1,2021/01/22 22:30:00,8650.44,45.24,TRADE
NSW1,2021/01/22 23:00:00,8356.77,36.52,TRADE
NSW1,2021/01/22 23:30:00,8029.89,37.40,TRADE
NSW1,2021/01/23 00:00:00,7852.38,39.66,TRADE
NSW1,2021/01/23 00:30:00,7617.88,40.78,TRADE
NSW1,2021/01/23 01:00:00,7246.7,37.53,TRADE
NSW1,2021/01/23 01:30:00,6986.8,42.70,TRADE
NSW1,2021/01/23 02:00:00,6681.09,36.67,TRADE
NSW1,2021/01/23 02:30:00,6530.19,34.91,TRADE
NSW1,2021/01/23 03:00:00,6441.2,33.03,TRADE
NSW1,2021/01/23 03:30:00,6400.65,32.66,TRADE
NSW1,2021/01/23 04:00:00,6433.81,33.03,TRADE
NSW1,2021/01/23 04:30:00,6471.7,35.41,TRADE
NSW1,2021/01/23 05:00:00,6580.24,36.55,TRADE
NSW1,2021/01/23 05:30:00,6663.79,37.87,TRADE
NSW1,2021/01/23 06:00:00,6777.25,38.71,TRADE
NSW1,2021/01/23 06:30:00,6875.12,34.20,TRADE
NSW1,2021/01/23 07:00:00,7005.64,30.54,TRADE
NSW1,2021/01/23 07:30:00,7203.93,29.05,TRADE
NSW1,2021/01/23 08:00:00,7386.29,25.56,TRADE
NSW1,2021/01/23 08:30:00,7527.32,27.86,TRADE
NSW1,2021/01/23 09:00:00,7545.57,28.67,TRADE
NSW1,2021/01/23 09:30:00,7620.6,32.07,TRADE
NSW1,2021/01/23 10:00:00,7714.23,32.50,TRADE
NSW1,2021/01/23 10:30:00,7859.71,31.96,TRADE
NSW1,2021/01/23 11:00:00,8016.63,34.01,TRADE
NSW1,2021/01/23 11:30:00,8221.59,35.05,TRADE
NSW1,2021/01/23 12:00:00,8364.08,35.21,TRADE
NSW1,2021/01/23 12:30:00,8532.93,36.90,TRADE
NSW1,2021/01/23 13:00:00,8723.16,41.99,TRADE
NSW1,2021/01/23 13:30:00,8923.39,37.07,TRADE
NSW1,2021/01/23 14:00:00,9124.55,36.18,TRADE
NSW1,2021/01/23 14:30:00,9405.74,42.72,TRADE
NSW1,2021/01/23 15:00:00,9714.98,42.86,TRADE
NSW1,2021/01/23 15:30:00,10010.06,49.80,TRADE
NSW1,2021/01/23 16:00:00,10347.62,44.51,TRADE
NSW1,2021/01/23 16:30:00,10435.78,46.11,TRADE
NSW1,2021/01/23 17:00:00,10571.47,51.31,TRADE
NSW1,2021/01/23 17:30:00,10640.9,53.33,TRADE
NSW1,2021/01/23 18:00:00,10740.75,68.30,TRADE
NSW1,2021/01/23 18:30:00,10655.34,98.03,TRADE
NSW1,2021/01/23 19:00:00,10416.28,61.20,TRADE
NSW1,2021/01/23 19:30:00,10171.6,55.72,TRADE
NSW1,2021/01/23 20:00:00,10049.72,52.73,TRADE
NSW1,2021/01/23 20:30:00,9811.92,46.67,TRADE
NSW1,2021/01/23 21:00:00,9498.78,45.45,TRADE
NSW1,2021/01/23 21:30:00,9141.79,40.85,TRADE
NSW1,2021/01/23 22:00:00,8900.01,38.35,TRADE
NSW1,2021/01/23 22:30:00,8675.09,42.68,TRADE
NSW1,2021/01/23 23:00:00,8356.45,38.16,TRADE
NSW1,2021/01/23 23:30:00,8015.85,38.51,TRADE
NSW1,2021/01/24 00:00:00,7771.49,36.52,TRADE
NSW1,2021/01/24 00:30:00,7505.65,35.55,TRADE
NSW1,2021/01/24 01:00:00,7252.74,36.73,TRADE
NSW1,2021/01/24 01:30:00,6981.79,36.84,TRADE
NSW1,2021/01/24 02:00:00,6754.61,35.70,TRADE
NSW1,2021/01/24 02:30:00,6653.7,35.52,TRADE
NSW1,2021/01/24 03:00:00,6557.97,33.36,TRADE
NSW1,2021/01/24 03:30:00,6510.51,32.07,TRADE
NSW1,2021/01/24 04:00:00,6449.89,32.12,TRADE
NSW1,2021/01/24 04:30:00,6491.98,32.60,TRADE
NSW1,2021/01/24 05:00:00,6529.03,33.09,TRADE
NSW1,2021/01/24 05:30:00,6575.21,33.10,TRADE
NSW1,2021/01/24 06:00:00,6589.09,31.75,TRADE
NSW1,2021/01/24 06:30:00,6391.54,26.41,TRADE
NSW1,2021/01/24 07:00:00,6482.43,21.54,TRADE
NSW1,2021/01/24 07:30:00,6971.89,17.10,TRADE
NSW1,2021/01/24 08:00:00,7193.69,20.95,TRADE
NSW1,2021/01/24 08:30:00,7406.55,24.10,TRADE
NSW1,2021/01/24 09:00:00,7599.27,28.79,TRADE
NSW1,2021/01/24 09:30:00,7815.2,31.58,TRADE
NSW1,2021/01/24 10:00:00,8103.35,33.73,TRADE
NSW1,2021/01/24 10:30:00,8413.29,35.62,TRADE
NSW1,2021/01/24 11:00:00,8673.25,38.32,TRADE
NSW1,2021/01/24 11:30:00,8899.09,35.69,TRADE
NSW1,2021/01/24 12:00:00,9197.5,48.55,TRADE
NSW1,2021/01/24 12:30:00,9413.32,38.55,TRADE
NSW1,2021/01/24 13:00:00,9638.19,42.37,TRADE
NSW1,2021/01/24 13:30:00,9821.85,44.79,TRADE
NSW1,2021/01/24 14:00:00,9986,50.63,TRADE
NSW1,2021/01/24 14:30:00,10252.19,52.50,TRADE
NSW1,2021/01/24 15:00:00,10531.6,52.35,TRADE
NSW1,2021/01/24 15:30:00,10846.84,98.54,TRADE
NSW1,2021/01/24 16:00:00,11183.29,148.16,TRADE
NSW1,2021/01/24 16:30:00,11458.48,229.98,TRADE
NSW1,2021/01/24 17:00:00,11633.06,117.08,TRADE
NSW1,2021/01/24 17:30:00,11440.56,40.46,TRADE
NSW1,2021/01/24 18:00:00,11318.32,50.90,TRADE
NSW1,2021/01/24 18:30:00,10998.12,61.01,TRADE
NSW1,2021/01/24 19:00:00,10702.14,57.36,TRADE
NSW1,2021/01/24 19:30:00,10477.51,58.26,TRADE
NSW1,2021/01/24 20:00:00,10242.4,49.86,TRADE
NSW1,2021/01/24 20:30:00,9924.23,39.05,TRADE
NSW1,2021/01/24 21:00:00,9613.22,40.98,TRADE
NSW1,2021/01/24 21:30:00,9279.28,44.95,TRADE
NSW1,2021/01/24 22:00:00,8855.94,36.51,TRADE
NSW1,2021/01/24 22:30:00,8641.25,45.45,TRADE
NSW1,2021/01/24 23:00:00,8259.31,38.26,TRADE
NSW1,2021/01/24 23:30:00,7958.28,38.03,TRADE
NSW1,2021/01/25 00:00:00,7756.25,37.33,TRADE
NSW1,2021/01/25 00:30:00,7555.72,36.97,TRADE
NSW1,2021/01/25 01:00:00,7326.37,35.71,TRADE
NSW1,2021/01/25 01:30:00,7068.88,35.42,TRADE
NSW1,2021/01/25 02:00:00,6855.51,33.56,TRADE
NSW1,2021/01/25 02:30:00,6782.75,35.19,TRADE
NSW1,2021/01/25 03:00:00,6683.37,34.88,TRADE
NSW1,2021/01/25 03:30:00,6683.32,34.05,TRADE
NSW1,2021/01/25 04:00:00,6694.79,33.18,TRADE
NSW1,2021/01/25 04:30:00,6898.9,34.77,TRADE
NSW1,2021/01/25 05:00:00,7048.96,34.79,TRADE
NSW1,2021/01/25 05:30:00,7363.73,35.54,TRADE
NSW1,2021/01/25 06:00:00,7631,36.18,TRADE
NSW1,2021/01/25 06:30:00,7873.86,35.53,TRADE
NSW1,2021/01/25 07:00:00,8111.27,35.52,TRADE
NSW1,2021/01/25 07:30:00,8456.77,30.80,TRADE
NSW1,2021/01/25 08:00:00,8587.81,34.88,TRADE
NSW1,2021/01/25 08:30:00,8755.65,35.26,TRADE
NSW1,2021/01/25 09:00:00,8937.16,35.14,TRADE
NSW1,2021/01/25 09:30:00,9047.2,35.50,TRADE
NSW1,2021/01/25 10:00:00,9199.84,36.45,TRADE
NSW1,2021/01/25 10:30:00,9378.88,41.83,TRADE
NSW1,2021/01/25 11:00:00,9556.93,40.33,TRADE
NSW1,2021/01/25 11:30:00,9855.44,44.30,TRADE
NSW1,2021/01/25 12:00:00,10131.73,49.36,TRADE
NSW1,2021/01/25 12:30:00,10412.17,48.20,TRADE
NSW1,2021/01/25 13:00:00,10604.42,41.76,TRADE
NSW1,2021/01/25 13:30:00,10817.67,36.80,TRADE
NSW1,2021/01/25 14:00:00,11051.23,36.92,TRADE
NSW1,2021/01/25 14:30:00,11285.7,39.78,TRADE
NSW1,2021/01/25 15:00:00,11519.07,44.81,TRADE
NSW1,2021/01/25 15:30:00,11698.74,47.63,TRADE
NSW1,2021/01/25 16:00:00,11918.42,38.74,TRADE
NSW1,2021/01/25 16:30:00,12034.19,39.14,TRADE
NSW1,2021/01/25 17:00:00,12197.57,39.14,TRADE
NSW1,2021/01/25 17:30:00,12155.83,43.27,TRADE
NSW1,2021/01/25 18:00:00,12042.87,44.54,TRADE
NSW1,2021/01/25 18:30:00,11694.5,43.96,TRADE
NSW1,2021/01/25 19:00:00,11362.51,43.51,TRADE
NSW1,2021/01/25 19:30:00,10994.31,43.08,TRADE
NSW1,2021/01/25 20:00:00,10797.1,57.12,TRADE
NSW1,2021/01/25 20:30:00,10428.73,48.24,TRADE
NSW1,2021/01/25 21:00:00,9981.5,42.49,TRADE
NSW1,2021/01/25 21:30:00,9672.4,37.87,TRADE
NSW1,2021/01/25 22:00:00,9293.59,36.37,TRADE
NSW1,2021/01/25 22:30:00,9061.21,47.44,TRADE
NSW1,2021/01/25 23:00:00,8694.4,39.78,TRADE
NSW1,2021/01/25 23:30:00,8329.93,38.43,TRADE
NSW1,2021/01/26 00:00:00,8112.92,38.70,TRADE
NSW1,2021/01/26 00:30:00,7790.3,38.29,TRADE
NSW1,2021/01/26 01:00:00,7500.73,40.68,TRADE
NSW1,2021/01/26 01:30:00,7161.85,40.65,TRADE
NSW1,2021/01/26 02:00:00,6885.5,38.01,TRADE
NSW1,2021/01/26 02:30:00,6708.15,37.04,TRADE
NSW1,2021/01/26 03:00:00,6581.05,35.35,TRADE
NSW1,2021/01/26 03:30:00,6558.7,35.70,TRADE
NSW1,2021/01/26 04:00:00,6511.59,35.34,TRADE
NSW1,2021/01/26 04:30:00,6557.04,36.60,TRADE
NSW1,2021/01/26 05:00:00,6627.81,37.25,TRADE
NSW1,2021/01/26 05:30:00,6757.13,38.51,TRADE
NSW1,2021/01/26 06:00:00,6808.95,37.60,TRADE
NSW1,2021/01/26 06:30:00,6888.36,35.80,TRADE
NSW1,2021/01/26 07:00:00,7047.79,34.30,TRADE
NSW1,2021/01/26 07:30:00,7246,33.03,TRADE
NSW1,2021/01/26 08:00:00,7443.34,30.05,TRADE
NSW1,2021/01/26 08:30:00,7791.44,33.14,TRADE
NSW1,2021/01/26 09:00:00,8052.03,32.83,TRADE
NSW1,2021/01/26 09:30:00,8330.22,35.34,TRADE
NSW1,2021/01/26 10:00:00,8625.82,35.77,TRADE
NSW1,2021/01/26 10:30:00,8881.28,35.64,TRADE
NSW1,2021/01/26 11:00:00,9139.73,36.60,TRADE
NSW1,2021/01/26 11:30:00,9436.14,35.90,TRADE
NSW1,2021/01/26 12:00:00,9716.41,37.88,TRADE
NSW1,2021/01/26 12:30:00,9871.84,35.54,TRADE
NSW1,2021/01/26 13:00:00,10147.46,36.75,TRADE
NSW1,2021/01/26 13:30:00,10414.34,36.23,TRADE
NSW1,2021/01/26 14:00:00,10660.18,37.57,TRADE
NSW1,2021/01/26 14:30:00,10965.3,39.55,TRADE
NSW1,2021/01/26 15:00:00,11204.14,38.25,TRADE
NSW1,2021/01/26 15:30:00,11403.09,38.35,TRADE
NSW1,2021/01/26 16:00:00,11709.11,43.82,TRADE
NSW1,2021/01/26 16:30:00,11895.21,52.04,TRADE
NSW1,2021/01/26 17:00:00,12059.74,69.10,TRADE
NSW1,2021/01/26 17:30:00,11927.16,66.08,TRADE
NSW1,2021/01/26 18:00:00,11926.42,92.80,TRADE
NSW1,2021/01/26 18:30:00,11750.54,104.42,TRADE
NSW1,2021/01/26 19:00:00,11558.52,109.26,TRADE
NSW1,2021/01/26 19:30:00,11412.45,61.01,TRADE
NSW1,2021/01/26 20:00:00,11210.47,60.61,TRADE
NSW1,2021/01/26 20:30:00,10869.61,64.84,TRADE
NSW1,2021/01/26 21:00:00,10444,45.27,TRADE
NSW1,2021/01/26 21:30:00,9985.9,38.75,TRADE
NSW1,2021/01/26 22:00:00,9549.88,37.34,TRADE
NSW1,2021/01/26 22:30:00,9218.72,44.54,TRADE
NSW1,2021/01/26 23:00:00,8881.7,38.60,TRADE
NSW1,2021/01/26 23:30:00,8543.62,38.81,TRADE
NSW1,2021/01/27 00:00:00,8285.31,38.54,TRADE
NSW1,2021/01/27 00:30:00,8049.78,38.95,TRADE
NSW1,2021/01/27 01:00:00,7773.67,38.14,TRADE
NSW1,2021/01/27 01:30:00,7440.95,37.89,TRADE
NSW1,2021/01/27 02:00:00,7229.94,38.89,TRADE
NSW1,2021/01/27 02:30:00,7052.62,42.21,TRADE
NSW1,2021/01/27 03:00:00,6978.91,39.58,TRADE
NSW1,2021/01/27 03:30:00,6965.84,40.67,TRADE
NSW1,2021/01/27 04:00:00,6888.9,39.26,TRADE
NSW1,2021/01/27 04:30:00,7086.91,38.57,TRADE
NSW1,2021/01/27 05:00:00,7274.97,38.08,TRADE
NSW1,2021/01/27 05:30:00,7667.42,38.10,TRADE
NSW1,2021/01/27 06:00:00,7912.49,41.51,TRADE
NSW1,2021/01/27 06:30:00,8272.48,38.16,TRADE
NSW1,2021/01/27 07:00:00,8574.33,36.74,TRADE
NSW1,2021/01/27 07:30:00,8865.57,39.24,TRADE
NSW1,2021/01/27 08:00:00,8906.76,35.02,TRADE
NSW1,2021/01/27 08:30:00,8959.25,35.55,TRADE
NSW1,2021/01/27 09:00:00,8933.39,35.51,TRADE
NSW1,2021/01/27 09:30:00,8910.26,35.53,TRADE
NSW1,2021/01/27 10:00:00,8904.82,35.56,TRADE
NSW1,2021/01/27 10:30:00,8775.76,35.53,TRADE
NSW1,2021/01/27 11:00:00,8735.14,33.73,TRADE
NSW1,2021/01/27 11:30:00,8655.82,32.53,TRADE
NSW1,2021/01/27 12:00:00,8705.72,32.53,TRADE
NSW1,2021/01/27 12:30:00,8680.25,32.70,TRADE
NSW1,2021/01/27 13:00:00,8710.29,32.09,TRADE
NSW1,2021/01/27 13:30:00,8632.83,31.95,TRADE
NSW1,2021/01/27 14:00:00,8640.48,32.57,TRADE
NSW1,2021/01/27 14:30:00,8712.68,33.66,TRADE
NSW1,2021/01/27 15:00:00,8698.8,32.60,TRADE
NSW1,2021/01/27 15:30:00,8779.75,32.12,TRADE
NSW1,2021/01/27 16:00:00,8818.12,33.02,TRADE
NSW1,2021/01/27 16:30:00,8868.05,32.53,TRADE
NSW1,2021/01/27 17:00:00,8993.69,35.20,TRADE
NSW1,2021/01/27 17:30:00,9013.7,35.84,TRADE
NSW1,2021/01/27 18:00:00,8904.29,36.76,TRADE
NSW1,2021/01/27 18:30:00,8751.31,35.58,TRADE
NSW1,2021/01/27 19:00:00,8598.51,36.08,TRADE
NSW1,2021/01/27 19:30:00,8460.58,37.71,TRADE
NSW1,2021/01/27 20:00:00,8328.03,38.27,TRADE
NSW1,2021/01/27 20:30:00,8128.78,37.64,TRADE
NSW1,2021/01/27 21:00:00,7867.06,34.86,TRADE
NSW1,2021/01/27 21:30:00,7762.37,33.93,TRADE
NSW1,2021/01/27 22:00:00,7623.42,32.40,TRADE
NSW1,2021/01/27 22:30:00,7567.46,37.06,TRADE
NSW1,2021/01/27 23:00:00,7439.7,34.11,TRADE
NSW1,2021/01/27 23:30:00,7275.31,33.70,TRADE
NSW1,2021/01/28 00:00:00,7128.05,33.52,TRADE
NSW1,2021/01/28 00:30:00,7002.76,35.10,TRADE
NSW1,2021/01/28 01:00:00,6802.25,34.02,TRADE
NSW1,2021/01/28 01:30:00,6521.14,32.61,TRADE
NSW1,2021/01/28 02:00:00,6318.92,29.40,TRADE
NSW1,2021/01/28 02:30:00,6173.75,31.06,TRADE
NSW1,2021/01/28 03:00:00,6150.14,31.84,TRADE
NSW1,2021/01/28 03:30:00,6143.44,32.51,TRADE
NSW1,2021/01/28 04:00:00,6217.86,32.69,TRADE
NSW1,2021/01/28 04:30:00,6379.93,35.98,TRADE
NSW1,2021/01/28 05:00:00,6572.91,36.10,TRADE
NSW1,2021/01/28 05:30:00,6951.27,36.96,TRADE
NSW1,2021/01/28 06:00:00,7299.15,37.41,TRADE
NSW1,2021/01/28 06:30:00,7583.82,38.43,TRADE
NSW1,2021/01/28 07:00:00,7851.86,39.98,TRADE
NSW1,2021/01/28 07:30:00,8001.39,37.77,TRADE
NSW1,2021/01/28 08:00:00,8038.33,36.06,TRADE
NSW1,2021/01/28 08:30:00,8140.7,37.29,TRADE
NSW1,2021/01/28 09:00:00,8125.6,33.59,TRADE
NSW1,2021/01/28 09:30:00,8089.21,36.24,TRADE
NSW1,2021/01/28 10:00:00,8069.63,37.59,TRADE
NSW1,2021/01/28 10:30:00,8031.15,35.17,TRADE
NSW1,2021/01/28 11:00:00,7923.27,34.28,TRADE
NSW1,2021/01/28 11:30:00,7832.62,32.28,TRADE
NSW1,2021/01/28 12:00:00,7907.56,32.11,TRADE
NSW1,2021/01/28 12:30:00,7952.73,33.33,TRADE
NSW1,2021/01/28 13:00:00,7888.16,34.27,TRADE
NSW1,2021/01/28 13:30:00,7920.93,35.47,TRADE
NSW1,2021/01/28 14:00:00,7989.12,34.49,TRADE
NSW1,2021/01/28 14:30:00,8011.62,35.75,TRADE
NSW1,2021/01/28 15:00:00,8009.39,35.39,TRADE
NSW1,2021/01/28 15:30:00,8135.06,35.48,TRADE
NSW1,2021/01/28 16:00:00,8247.32,35.46,TRADE
NSW1,2021/01/28 16:30:00,8323.34,35.01,TRADE
NSW1,2021/01/28 17:00:00,8552.14,34.68,TRADE
NSW1,2021/01/28 17:30:00,8520.37,35.46,TRADE
NSW1,2021/01/28 18:00:00,8494.06,36.32,TRADE
NSW1,2021/01/28 18:30:00,8395.88,35.99,TRADE
NSW1,2021/01/28 19:00:00,8294.71,35.51,TRADE
NSW1,2021/01/28 19:30:00,8255.4,37.76,TRADE
NSW1,2021/01/28 20:00:00,8130.07,39.01,TRADE
NSW1,2021/01/28 20:30:00,7948.14,37.21,TRADE
NSW1,2021/01/28 21:00:00,7690.7,35.43,TRADE
NSW1,2021/01/28 21:30:00,7616.41,35.03,TRADE
NSW1,2021/01/28 22:00:00,7516.37,35.29,TRADE
NSW1,2021/01/28 22:30:00,7470.54,38.37,TRADE
NSW1,2021/01/28 23:00:00,7333.6,34.94,TRADE
NSW1,2021/01/28 23:30:00,7193.94,35.18,TRADE
NSW1,2021/01/29 00:00:00,7107.85,36.21,TRADE
NSW1,2021/01/29 00:30:00,6913.08,36.36,TRADE
NSW1,2021/01/29 01:00:00,6720.05,35.06,TRADE
NSW1,2021/01/29 01:30:00,6452.42,33.36,TRADE
NSW1,2021/01/29 02:00:00,6275.09,29.89,TRADE
NSW1,2021/01/29 02:30:00,6174.64,27.02,TRADE
NSW1,2021/01/29 03:00:00,6171,31.52,TRADE
NSW1,2021/01/29 03:30:00,6179.33,30.90,TRADE
NSW1,2021/01/29 04:00:00,6196.52,34.28,TRADE
NSW1,2021/01/29 04:30:00,6379.98,34.38,TRADE
NSW1,2021/01/29 05:00:00,6533.38,36.66,TRADE
NSW1,2021/01/29 05:30:00,6900.47,40.25,TRADE
NSW1,2021/01/29 06:00:00,7217.33,39.96,TRADE
NSW1,2021/01/29 06:30:00,7669.47,40.65,TRADE
NSW1,2021/01/29 07:00:00,7997.39,48.31,TRADE
NSW1,2021/01/29 07:30:00,8132.9,41.39,TRADE
NSW1,2021/01/29 08:00:00,8259.72,45.63,TRADE
NSW1,2021/01/29 08:30:00,8384.57,45.75,TRADE
NSW1,2021/01/29 09:00:00,8356.57,48.27,TRADE
NSW1,2021/01/29 09:30:00,8382.66,45.64,TRADE
NSW1,2021/01/29 10:00:00,8174.5,37.69,TRADE
NSW1,2021/01/29 10:30:00,7943.21,35.54,TRADE
NSW1,2021/01/29 11:00:00,8165.19,37.80,TRADE
NSW1,2021/01/29 11:30:00,8193.98,36.73,TRADE
NSW1,2021/01/29 12:00:00,8094.22,37.13,TRADE
NSW1,2021/01/29 12:30:00,8058.79,39.15,TRADE
NSW1,2021/01/29 13:00:00,8003.33,37.79,TRADE
NSW1,2021/01/29 13:30:00,7923.59,36.12,TRADE
NSW1,2021/01/29 14:00:00,7885.48,36.52,TRADE
NSW1,2021/01/29 14:30:00,7937.47,36,TRADE
NSW1,2021/01/29 15:00:00,7994.08,35.99,TRADE
NSW1,2021/01/29 15:30:00,8056.72,36,TRADE
NSW1,2021/01/29 16:00:00,8205.26,36.37,TRADE
NSW1,2021/01/29 16:30:00,8339.91,37.22,TRADE
NSW1,2021/01/29 17:00:00,8445.79,36.63,TRADE
NSW1,2021/01/29 17:30:00,8393.86,35.56,TRADE
NSW1,2021/01/29 18:00:00,8342.25,37.38,TRADE
NSW1,2021/01/29 18:30:00,8269.95,35.78,TRADE
NSW1,2021/01/29 19:00:00,8207.42,37.08,TRADE
NSW1,2021/01/29 19:30:00,8159.42,38.28,TRADE
NSW1,2021/01/29 20:00:00,8128.5,38.20,TRADE
NSW1,2021/01/29 20:30:00,8018.09,34.84,TRADE
NSW1,2021/01/29 21:00:00,7798.54,35.19,TRADE
NSW1,2021/01/29 21:30:00,7714.74,35.59,TRADE
NSW1,2021/01/29 22:00:00,7700,35.48,TRADE
NSW1,2021/01/29 22:30:00,7707.85,37.59,TRADE
NSW1,2021/01/29 23:00:00,7551.3,36.19,TRADE
NSW1,2021/01/29 23:30:00,7429.34,36.46,TRADE
NSW1,2021/01/30 00:00:00,7316.13,36.48,TRADE
NSW1,2021/01/30 00:30:00,7127.72,36.24,TRADE
NSW1,2021/01/30 01:00:00,6920.03,34.80,TRADE
NSW1,2021/01/30 01:30:00,6610.69,31.97,TRADE
NSW1,2021/01/30 02:00:00,6386,30.26,TRADE
NSW1,2021/01/30 02:30:00,6285.95,30.85,TRADE
NSW1,2021/01/30 03:00:00,6174.7,31.33,TRADE
NSW1,2021/01/30 03:30:00,6185.19,27.52,TRADE
NSW1,2021/01/30 04:00:00,6181.06,28.32,TRADE
NSW1,2021/01/30 04:30:00,6247.62,30.06,TRADE
NSW1,2021/01/30 05:00:00,6318.1,34.03,TRADE
NSW1,2021/01/30 05:30:00,6457.92,35.42,TRADE
NSW1,2021/01/30 06:00:00,6591.26,35.53,TRADE
NSW1,2021/01/30 06:30:00,6772.22,34.55,TRADE
NSW1,2021/01/30 07:00:00,7001.31,33.82,TRADE
NSW1,2021/01/30 07:30:00,7351.58,35.63,TRADE
NSW1,2021/01/30 08:00:00,7547.06,36.67,TRADE
NSW1,2021/01/30 08:30:00,7785.69,39.92,TRADE
NSW1,2021/01/30 09:00:00,7735.1,36.64,TRADE
NSW1,2021/01/30 09:30:00,7637.27,36.73,TRADE
NSW1,2021/01/30 10:00:00,7576.51,35.49,TRADE
NSW1,2021/01/30 10:30:00,7514.67,35.32,TRADE
NSW1,2021/01/30 11:00:00,7453.42,34.81,TRADE
NSW1,2021/01/30 11:30:00,7319.2,34.37,TRADE
NSW1,2021/01/30 12:00:00,7239.02,34.57,TRADE
NSW1,2021/01/30 12:30:00,7239.58,31.27,TRADE
NSW1,2021/01/30 13:00:00,7050.73,14.40,TRADE
NSW1,2021/01/30 13:30:00,7041.19,24.97,TRADE
NSW1,2021/01/30 14:00:00,7063.84,32.32,TRADE
NSW1,2021/01/30 14:30:00,7128.8,34.87,TRADE
NSW1,2021/01/30 15:00:00,7302.37,33.85,TRADE
NSW1,2021/01/30 15:30:00,7579.47,33.36,TRADE
NSW1,2021/01/30 16:00:00,7965.66,36.64,TRADE
NSW1,2021/01/30 16:30:00,8276,35.51,TRADE
NSW1,2021/01/30 17:00:00,8615.04,37.56,TRADE
NSW1,2021/01/30 17:30:00,8935.2,37.07,TRADE
NSW1,2021/01/30 18:00:00,9022.3,39.18,TRADE
NSW1,2021/01/30 18:30:00,9020.47,37.89,TRADE
NSW1,2021/01/30 19:00:00,8857.64,39.67,TRADE
NSW1,2021/01/30 19:30:00,8686.24,40.69,TRADE
NSW1,2021/01/30 20:00:00,8576.6,41.01,TRADE
NSW1,2021/01/30 20:30:00,8428.38,38.66,TRADE
NSW1,2021/01/30 21:00:00,8200.73,37,TRADE
NSW1,2021/01/30 21:30:00,8023.71,34.68,TRADE
NSW1,2021/01/30 22:00:00,7868,34.82,TRADE
NSW1,2021/01/30 22:30:00,7775.43,35.53,TRADE
NSW1,2021/01/30 23:00:00,7571.88,34.87,TRADE
NSW1,2021/01/30 23:30:00,7346.54,35,TRADE
NSW1,2021/01/31 00:00:00,7159.46,34.64,TRADE
NSW1,2021/01/31 00:30:00,6938.45,34.51,TRADE
NSW1,2021/01/31 01:00:00,6751.31,33.57,TRADE
NSW1,2021/01/31 01:30:00,6502.79,31.42,TRADE
NSW1,2021/01/31 02:00:00,6336.89,30.62,TRADE
NSW1,2021/01/31 02:30:00,6213.04,26.41,TRADE
NSW1,2021/01/31 03:00:00,6144.94,26.49,TRADE
NSW1,2021/01/31 03:30:00,6118.33,26.12,TRADE
NSW1,2021/01/31 04:00:00,6126.76,26.27,TRADE
NSW1,2021/01/31 04:30:00,6167.23,30.80,TRADE
NSW1,2021/01/31 05:00:00,6178.85,32.88,TRADE
NSW1,2021/01/31 05:30:00,6284.95,34.22,TRADE
NSW1,2021/01/31 06:00:00,6332.74,32.67,TRADE
NSW1,2021/01/31 06:30:00,6436.03,30.90,TRADE
NSW1,2021/01/31 07:00:00,6621.46,19.98,TRADE
NSW1,2021/01/31 07:30:00,6920.01,27.62,TRADE
NSW1,2021/01/31 08:00:00,6963.07,22.73,TRADE
NSW1,2021/01/31 08:30:00,7095.27,26.61,TRADE
NSW1,2021/01/31 09:00:00,7129.76,27.61,TRADE
NSW1,2021/01/31 09:30:00,7192,27.80,TRADE
NSW1,2021/01/31 10:00:00,7280.37,31.77,TRADE
NSW1,2021/01/31 10:30:00,7271.08,32.45,TRADE
NSW1,2021/01/31 11:00:00,7264.7,31.67,TRADE
NSW1,2021/01/31 11:30:00,7144.66,27.59,TRADE
NSW1,2021/01/31 12:00:00,7150.31,32.24,TRADE
NSW1,2021/01/31 12:30:00,7175.53,31.13,TRADE
NSW1,2021/01/31 13:00:00,7118.88,25.85,TRADE
NSW1,2021/01/31 13:30:00,7100.12,27.56,TRADE
NSW1,2021/01/31 14:00:00,7055.73,29.79,TRADE
NSW1,2021/01/31 14:30:00,7128.44,31.50,TRADE
NSW1,2021/01/31 15:00:00,7208.14,30.91,TRADE
NSW1,2021/01/31 15:30:00,7474,31.78,TRADE
NSW1,2021/01/31 16:00:00,7535.81,31.39,TRADE
NSW1,2021/01/31 16:30:00,7764.54,32.91,TRADE
NSW1,2021/01/31 17:00:00,7983.23,33.62,TRADE
NSW1,2021/01/31 17:30:00,8106,35.96,TRADE
NSW1,2021/01/31 18:00:00,8230,35.90,TRADE
NSW1,2021/01/31 18:30:00,8185.05,36.24,TRADE
NSW1,2021/01/31 19:00:00,8124.37,37,TRADE
NSW1,2021/01/31 19:30:00,8055.03,38.17,TRADE
NSW1,2021/01/31 20:00:00,7953.32,36.65,TRADE
NSW1,2021/01/31 20:30:00,7847.66,34.88,TRADE
NSW1,2021/01/31 21:00:00,7612.96,34.11,TRADE
NSW1,2021/01/31 21:30:00,7447.9,32.54,TRADE
NSW1,2021/01/31 22:00:00,7307.91,32.10,TRADE
NSW1,2021/01/31 22:30:00,7264.89,33.02,TRADE
NSW1,2021/01/31 23:00:00,7095.82,33.85,TRADE
NSW1,2021/01/31 23:30:00,6956.33,30.99,TRADE
NSW1,2021/02/01 00:00:00,6855.82,28.85,TRADE
